datetime,symbol,open,high,low,close,volume
2019-06-22 03:00:00,BINANCE:ALGOUSDT,3.4,3.44,1.88,2.192,16217580.77900001
2019-06-23 03:00:00,BINANCE:ALGOUSDT,2.19,2.234,1.8,1.934,9875011.06000001
2019-06-24 03:00:00,BINANCE:ALGOUSDT,1.932,2.02,1.301,1.416,16193672.788
2019-06-25 03:00:00,BINANCE:ALGOUSDT,1.417,1.92,1.314,1.54,27118197.01899999
2019-06-26 03:00:00,BINANCE:ALGOUSDT,1.538,1.875,1.457,1.595,17449485.35899999
2019-06-27 03:00:00,BINANCE:ALGOUSDT,1.595,1.597,1.371,1.419,7017105.25399999
2019-06-28 03:00:00,BINANCE:ALGOUSDT,1.421,1.589,1.381,1.454,5845445.045
2019-06-29 03:00:00,BINANCE:ALGOUSDT,1.449,1.523,1.411,1.51,5350038.703
2019-06-30 03:00:00,BINANCE:ALGOUSDT,1.508,1.58,1.388,1.449,5230376.814
2019-07-01 03:00:00,BINANCE:ALGOUSDT,1.449,1.468,1.25,1.352,4805958.281
2019-07-02 03:00:00,BINANCE:ALGOUSDT,1.354,1.356,1.032,1.14,8937311.63499999
2019-07-03 03:00:00,BINANCE:ALGOUSDT,1.138,1.186,1.065,1.11,5412448.609
2019-07-04 03:00:00,BINANCE:ALGOUSDT,1.11,1.138,0.984,1.01,5047597.506
2019-07-05 03:00:00,BINANCE:ALGOUSDT,1.009,1.175,0.974,1.127,8906873.66999999
2019-07-06 03:00:00,BINANCE:ALGOUSDT,1.128,1.132,1.024,1.031,4337280.445
2019-07-07 03:00:00,BINANCE:ALGOUSDT,1.031,1.105,1.024,1.065,2975212.85
2019-07-08 03:00:00,BINANCE:ALGOUSDT,1.065,1.067,1.03,1.049,1961005.67
2019-07-09 03:00:00,BINANCE:ALGOUSDT,1.047,1.084,1.015,1.044,3709858.04399999
2019-07-10 03:00:00,BINANCE:ALGOUSDT,1.043,1.119,0.955,1.029,6983704.323
2019-07-11 03:00:00,BINANCE:ALGOUSDT,1.029,1.039,0.843,0.859,4781454.62499999
2019-07-12 03:00:00,BINANCE:ALGOUSDT,0.858,0.938,0.797,0.885,6857361.718
2019-07-13 03:00:00,BINANCE:ALGOUSDT,0.886,1.035,0.869,0.939,9350275.97499999
2019-07-14 03:00:00,BINANCE:ALGOUSDT,0.939,1.03,0.816,0.819,8737776.11499998
2019-07-15 03:00:00,BINANCE:ALGOUSDT,0.819,0.846,0.737,0.807,5111804.17700001
2019-07-16 03:00:00,BINANCE:ALGOUSDT,0.804,0.899,0.63,0.644,6813542.367
2019-07-17 03:00:00,BINANCE:ALGOUSDT,0.645,0.744,0.608,0.674,8854704.113
2019-07-18 03:00:00,BINANCE:ALGOUSDT,0.675,0.706,0.638,0.692,6328374.14
2019-07-19 03:00:00,BINANCE:ALGOUSDT,0.692,0.693,0.649,0.67,2684075.334
2019-07-20 03:00:00,BINANCE:ALGOUSDT,0.67,0.752,0.656,0.708,5291301.343
2019-07-21 03:00:00,BINANCE:ALGOUSDT,0.707,0.712,0.657,0.692,3595344.637
2019-07-22 03:00:00,BINANCE:ALGOUSDT,0.695,0.705,0.631,0.642,2696291.001
2019-07-23 03:00:00,BINANCE:ALGOUSDT,0.642,0.647,0.564,0.58,4882364.60599998
2019-07-24 03:00:00,BINANCE:ALGOUSDT,0.578,0.615,0.555,0.597,3883834.313
2019-07-25 03:00:00,BINANCE:ALGOUSDT,0.595,0.615,0.58,0.61,2292829.525
2019-07-26 03:00:00,BINANCE:ALGOUSDT,0.61,0.709,0.592,0.651,8340632.352
2019-07-27 03:00:00,BINANCE:ALGOUSDT,0.65,0.668,0.57,0.578,4755130.478
2019-07-28 03:00:00,BINANCE:ALGOUSDT,0.578,0.601,0.558,0.577,2289778.751
2019-07-29 03:00:00,BINANCE:ALGOUSDT,0.576,0.594,0.552,0.571,2843701.206
2019-07-30 03:00:00,BINANCE:ALGOUSDT,0.57,0.589,0.555,0.568,2638918.637
2019-07-31 03:00:00,BINANCE:ALGOUSDT,0.567,0.578,0.558,0.567,2692986.065
2019-08-01 03:00:00,BINANCE:ALGOUSDT,0.567,0.57,0.507,0.562,5847654.143
2019-08-02 03:00:00,BINANCE:ALGOUSDT,0.563,0.883,0.554,0.808,45578408.03299992
2019-08-03 03:00:00,BINANCE:ALGOUSDT,0.807,0.858,0.737,0.742,10880500.95199999
2019-08-04 03:00:00,BINANCE:ALGOUSDT,0.742,0.762,0.695,0.705,5935191.16699999
2019-08-05 03:00:00,BINANCE:ALGOUSDT,0.706,0.804,0.676,0.793,10595618.10800001
2019-08-06 03:00:00,BINANCE:ALGOUSDT,0.79,0.801,0.691,0.702,7417216.87000001
2019-08-07 03:00:00,BINANCE:ALGOUSDT,0.704,0.726,0.681,0.691,4998261.746
2019-08-08 03:00:00,BINANCE:ALGOUSDT,0.693,0.777,0.658,0.726,8792651.562
2019-08-09 03:00:00,BINANCE:ALGOUSDT,0.728,0.841,0.688,0.81,15089865.86300001
2019-08-10 03:00:00,BINANCE:ALGOUSDT,0.809,0.863,0.761,0.809,10668919.72
2019-08-11 03:00:00,BINANCE:ALGOUSDT,0.811,0.88,0.803,0.819,7440526.25999998
2019-08-12 03:00:00,BINANCE:ALGOUSDT,0.817,0.819,0.767,0.803,4923044.11199999
2019-08-13 03:00:00,BINANCE:ALGOUSDT,0.804,0.845,0.781,0.809,4011887.652
2019-08-14 03:00:00,BINANCE:ALGOUSDT,0.807,0.849,0.711,0.718,7824309.956
2019-08-15 03:00:00,BINANCE:ALGOUSDT,0.719,0.777,0.689,0.709,6667637.959
2019-08-16 03:00:00,BINANCE:ALGOUSDT,0.708,0.735,0.676,0.677,4553264.191
2019-08-17 03:00:00,BINANCE:ALGOUSDT,0.677,0.726,0.675,0.683,3163205.808
2019-08-18 03:00:00,BINANCE:ALGOUSDT,0.686,0.697,0.664,0.676,2153045.74
2019-08-19 03:00:00,BINANCE:ALGOUSDT,0.677,0.68,0.65,0.655,3621870.528
2019-08-20 03:00:00,BINANCE:ALGOUSDT,0.655,0.656,0.603,0.625,6967147.77100001
2019-08-21 03:00:00,BINANCE:ALGOUSDT,0.626,0.627,0.559,0.567,6191231.883
2019-08-22 03:00:00,BINANCE:ALGOUSDT,0.569,0.592,0.531,0.572,4715468.299
2019-08-23 03:00:00,BINANCE:ALGOUSDT,0.573,0.589,0.546,0.576,3254119.078
2019-08-24 03:00:00,BINANCE:ALGOUSDT,0.574,0.58,0.542,0.577,2273667.507
2019-08-25 03:00:00,BINANCE:ALGOUSDT,0.578,0.582,0.53,0.538,2998434.094
2019-08-26 03:00:00,BINANCE:ALGOUSDT,0.539,0.56,0.518,0.522,2439118.181
2019-08-27 03:00:00,BINANCE:ALGOUSDT,0.522,0.552,0.509,0.523,3189090.388
2019-08-28 03:00:00,BINANCE:ALGOUSDT,0.523,0.536,0.428,0.436,6155505.517
2019-08-29 03:00:00,BINANCE:ALGOUSDT,0.436,0.446,0.39,0.401,6561137.683
2019-08-30 03:00:00,BINANCE:ALGOUSDT,0.401,0.425,0.397,0.418,4285344.004
2019-08-31 03:00:00,BINANCE:ALGOUSDT,0.417,0.433,0.395,0.408,3175868.041
2019-09-01 03:00:00,BINANCE:ALGOUSDT,0.408,0.419,0.379,0.388,2651579.467
2019-09-02 03:00:00,BINANCE:ALGOUSDT,0.388,0.395,0.373,0.393,3841348.325
2019-09-03 03:00:00,BINANCE:ALGOUSDT,0.394,0.404,0.364,0.368,3032795.521
2019-09-04 03:00:00,BINANCE:ALGOUSDT,0.368,0.37,0.343,0.346,3669691.254
2019-09-05 03:00:00,BINANCE:ALGOUSDT,0.346,0.395,0.338,0.388,7100033.376
2019-09-06 03:00:00,BINANCE:ALGOUSDT,0.388,0.42,0.341,0.346,8724500.774
2019-09-07 03:00:00,BINANCE:ALGOUSDT,0.346,0.387,0.338,0.369,6019303.69900001
2019-09-08 03:00:00,BINANCE:ALGOUSDT,0.369,0.388,0.349,0.385,3134753.237
2019-09-09 03:00:00,BINANCE:ALGOUSDT,0.384,0.392,0.353,0.368,4372297.481
2019-09-10 03:00:00,BINANCE:ALGOUSDT,0.37,0.395,0.362,0.365,4714902.011
2019-09-11 03:00:00,BINANCE:ALGOUSDT,0.365,0.372,0.342,0.349,3244647.941
2019-09-12 03:00:00,BINANCE:ALGOUSDT,0.348,0.35,0.31,0.319,5518828.622
2019-09-13 03:00:00,BINANCE:ALGOUSDT,0.32,0.345,0.312,0.318,3380391.877
2019-09-14 03:00:00,BINANCE:ALGOUSDT,0.318,0.325,0.308,0.321,2606229.769
2019-09-15 03:00:00,BINANCE:ALGOUSDT,0.32,0.341,0.319,0.328,4267315.303
2019-09-16 03:00:00,BINANCE:ALGOUSDT,0.329,0.337,0.314,0.322,2997342.273
2019-09-17 03:00:00,BINANCE:ALGOUSDT,0.323,0.334,0.308,0.319,6171703.194
2019-09-18 03:00:00,BINANCE:ALGOUSDT,0.319,0.36,0.316,0.34,8809182.572
2019-09-19 03:00:00,BINANCE:ALGOUSDT,0.341,0.341,0.307,0.322,5386304.10800001
2019-09-20 03:00:00,BINANCE:ALGOUSDT,0.322,0.33,0.313,0.321,2787433.377
2019-09-21 03:00:00,BINANCE:ALGOUSDT,0.32,0.325,0.314,0.315,2184202.21
2019-09-22 03:00:00,BINANCE:ALGOUSDT,0.315,0.322,0.296,0.3,4746257.73100001
2019-09-23 03:00:00,BINANCE:ALGOUSDT,0.3,0.301,0.267,0.267,5018748.88799999
2019-09-24 03:00:00,BINANCE:ALGOUSDT,0.268,0.282,0.179,0.193,11382802.22700002
2019-09-25 03:00:00,BINANCE:ALGOUSDT,0.193,0.216,0.192,0.205,7989599.30700001
2019-09-26 03:00:00,BINANCE:ALGOUSDT,0.205,0.207,0.164,0.189,24279989.88099999
2019-09-27 03:00:00,BINANCE:ALGOUSDT,0.19,0.198,0.177,0.189,8852661.145
2019-09-28 03:00:00,BINANCE:ALGOUSDT,0.19,0.208,0.187,0.204,6185913.405
2019-09-29 03:00:00,BINANCE:ALGOUSDT,0.204,0.243,0.197,0.225,19751284.97200003
2019-09-30 03:00:00,BINANCE:ALGOUSDT,0.224,0.257,0.213,0.25,12167825.85200001
2019-10-01 03:00:00,BINANCE:ALGOUSDT,0.25,0.266,0.226,0.231,14560932.53399999
2019-10-02 03:00:00,BINANCE:ALGOUSDT,0.232,0.24,0.22,0.233,7810945.432
2019-10-03 03:00:00,BINANCE:ALGOUSDT,0.233,0.239,0.221,0.23,5249511.597
2019-10-04 03:00:00,BINANCE:ALGOUSDT,0.23,0.236,0.222,0.229,5101699.43900001
2019-10-05 03:00:00,BINANCE:ALGOUSDT,0.229,0.232,0.219,0.224,2930629.65
2019-10-06 03:00:00,BINANCE:ALGOUSDT,0.224,0.227,0.21,0.213,6734272.413
2019-10-07 03:00:00,BINANCE:ALGOUSDT,0.213,0.224,0.205,0.219,4925596.573
2019-10-08 03:00:00,BINANCE:ALGOUSDT,0.219,0.234,0.214,0.226,5140102.028
2019-10-09 03:00:00,BINANCE:ALGOUSDT,0.226,0.245,0.225,0.239,8811952.653
2019-10-10 03:00:00,BINANCE:ALGOUSDT,0.238,0.269,0.232,0.253,11325621.542
2019-10-11 03:00:00,BINANCE:ALGOUSDT,0.253,0.276,0.249,0.253,12595567.524
2019-10-12 03:00:00,BINANCE:ALGOUSDT,0.252,0.262,0.244,0.257,7706971.41099999
2019-10-13 03:00:00,BINANCE:ALGOUSDT,0.257,0.268,0.246,0.251,8989474.758
2019-10-14 03:00:00,BINANCE:ALGOUSDT,0.251,0.268,0.247,0.267,4038160.907
2019-10-15 03:00:00,BINANCE:ALGOUSDT,0.267,0.273,0.245,0.248,4917032.386
2019-10-16 03:00:00,BINANCE:ALGOUSDT,0.248,0.25,0.223,0.228,7347722.72500001
2019-10-17 03:00:00,BINANCE:ALGOUSDT,0.229,0.24,0.228,0.237,3907505.474
2019-10-18 03:00:00,BINANCE:ALGOUSDT,0.236,0.239,0.218,0.226,4950083.789
2019-10-19 03:00:00,BINANCE:ALGOUSDT,0.226,0.23,0.221,0.223,1637605.585
2019-10-20 03:00:00,BINANCE:ALGOUSDT,0.223,0.226,0.211,0.224,3079554.172
2019-10-21 03:00:00,BINANCE:ALGOUSDT,0.224,0.2305,0.2223,0.2262,2946278.254
2019-10-22 03:00:00,BINANCE:ALGOUSDT,0.2262,0.2271,0.2174,0.2183,3357026.132
2019-10-23 03:00:00,BINANCE:ALGOUSDT,0.2176,0.2184,0.1959,0.2,5871290.42
2019-10-24 03:00:00,BINANCE:ALGOUSDT,0.2,0.2061,0.199,0.201,2508772.61
2019-10-25 03:00:00,BINANCE:ALGOUSDT,0.2016,0.2194,0.1992,0.2131,6686053.35
2019-10-26 03:00:00,BINANCE:ALGOUSDT,0.2133,0.2364,0.21,0.2156,9050646.259
2019-10-27 03:00:00,BINANCE:ALGOUSDT,0.2161,0.239,0.208,0.2181,6338281.16
2019-10-28 03:00:00,BINANCE:ALGOUSDT,0.2181,0.24,0.2181,0.2301,8218418.25
2019-10-29 03:00:00,BINANCE:ALGOUSDT,0.23,0.235,0.2226,0.2262,5368087.53
2019-10-30 03:00:00,BINANCE:ALGOUSDT,0.2263,0.2266,0.2066,0.211,4692012.3
2019-10-31 03:00:00,BINANCE:ALGOUSDT,0.2109,0.2229,0.2074,0.221,4688218.98
2019-11-01 03:00:00,BINANCE:ALGOUSDT,0.221,0.271,0.215,0.2596,14304576.167
2019-11-02 03:00:00,BINANCE:ALGOUSDT,0.26,0.2799,0.2485,0.2584,13976078.56500002
2019-11-03 03:00:00,BINANCE:ALGOUSDT,0.2583,0.271,0.2426,0.2639,9193362.0
2019-11-04 03:00:00,BINANCE:ALGOUSDT,0.2639,0.2718,0.252,0.2577,6541960.33999999
2019-11-05 03:00:00,BINANCE:ALGOUSDT,0.2577,0.2988,0.2452,0.2834,12381660.734
2019-11-06 03:00:00,BINANCE:ALGOUSDT,0.2839,0.3106,0.2745,0.2843,13734927.61499998
2019-11-07 03:00:00,BINANCE:ALGOUSDT,0.2842,0.2844,0.2635,0.2709,7619962.16
2019-11-08 03:00:00,BINANCE:ALGOUSDT,0.2706,0.2819,0.2458,0.2556,7826744.26
2019-11-09 03:00:00,BINANCE:ALGOUSDT,0.2555,0.2634,0.2522,0.2623,2360717.64
2019-11-10 03:00:00,BINANCE:ALGOUSDT,0.2623,0.2741,0.2562,0.2674,4249486.71
2019-11-11 03:00:00,BINANCE:ALGOUSDT,0.268,0.2915,0.2568,0.2826,9440919.31
2019-11-12 03:00:00,BINANCE:ALGOUSDT,0.2827,0.2879,0.2656,0.2726,5658514.42
2019-11-13 03:00:00,BINANCE:ALGOUSDT,0.2728,0.2993,0.2693,0.2873,6164765.24
2019-11-14 03:00:00,BINANCE:ALGOUSDT,0.2875,0.2939,0.273,0.277,6214476.17
2019-11-15 03:00:00,BINANCE:ALGOUSDT,0.2774,0.2859,0.2602,0.2645,4181121.64
2019-11-16 03:00:00,BINANCE:ALGOUSDT,0.2651,0.2734,0.2628,0.2721,2142926.5
2019-11-17 03:00:00,BINANCE:ALGOUSDT,0.2721,0.2789,0.2645,0.2674,2553750.53
2019-11-18 03:00:00,BINANCE:ALGOUSDT,0.2669,0.269,0.2441,0.2489,4354994.37
2019-11-19 03:00:00,BINANCE:ALGOUSDT,0.2489,0.252,0.2322,0.2443,4313965.48
2019-11-20 03:00:00,BINANCE:ALGOUSDT,0.2443,0.256,0.2374,0.2539,2934993.12
2019-11-21 03:00:00,BINANCE:ALGOUSDT,0.2539,0.2636,0.2301,0.247,7033474.3
2019-11-22 03:00:00,BINANCE:ALGOUSDT,0.2474,0.2505,0.2001,0.2224,7416012.42000001
2019-11-23 03:00:00,BINANCE:ALGOUSDT,0.2209,0.2336,0.2116,0.2286,3799417.56
2019-11-24 03:00:00,BINANCE:ALGOUSDT,0.2294,0.2294,0.2013,0.2024,3584893.01
2019-11-25 03:00:00,BINANCE:ALGOUSDT,0.2017,0.2154,0.185,0.2069,5157794.18
2019-11-26 03:00:00,BINANCE:ALGOUSDT,0.207,0.2249,0.2046,0.2197,3733586.43
2019-11-27 03:00:00,BINANCE:ALGOUSDT,0.2197,0.2348,0.2091,0.2248,6530663.52
2019-11-28 03:00:00,BINANCE:ALGOUSDT,0.2247,0.315,0.2198,0.2865,25202098.96399996
2019-11-29 03:00:00,BINANCE:ALGOUSDT,0.2864,0.2994,0.2708,0.2761,11302945.88000002
2019-11-30 03:00:00,BINANCE:ALGOUSDT,0.2757,0.29,0.2596,0.2648,7950695.2
2019-12-01 03:00:00,BINANCE:ALGOUSDT,0.2648,0.2701,0.2408,0.2651,8841167.40999999
2019-12-02 03:00:00,BINANCE:ALGOUSDT,0.2651,0.2886,0.2593,0.2742,10471490.23999999
2019-12-03 03:00:00,BINANCE:ALGOUSDT,0.2742,0.2979,0.2713,0.2879,6259037.82
2019-12-04 03:00:00,BINANCE:ALGOUSDT,0.2874,0.294,0.2622,0.2625,10097278.90000001
2019-12-05 03:00:00,BINANCE:ALGOUSDT,0.2622,0.2682,0.2541,0.2646,3919833.95
2019-12-06 03:00:00,BINANCE:ALGOUSDT,0.2653,0.2723,0.2557,0.2679,4336433.76
2019-12-07 03:00:00,BINANCE:ALGOUSDT,0.2678,0.2778,0.26,0.2753,3543966.95
2019-12-08 03:00:00,BINANCE:ALGOUSDT,0.275,0.3022,0.2749,0.2934,9864259.94000001
2019-12-09 03:00:00,BINANCE:ALGOUSDT,0.2939,0.337,0.2874,0.2944,20288422.21100001
2019-12-10 03:00:00,BINANCE:ALGOUSDT,0.2944,0.2944,0.2652,0.2747,11050398.73999998
2019-12-11 03:00:00,BINANCE:ALGOUSDT,0.2759,0.2951,0.2747,0.2867,6034544.91
2019-12-12 03:00:00,BINANCE:ALGOUSDT,0.287,0.29,0.2673,0.2769,6970800.74
2019-12-13 03:00:00,BINANCE:ALGOUSDT,0.2769,0.2776,0.2682,0.2719,3429363.89
2019-12-14 03:00:00,BINANCE:ALGOUSDT,0.2716,0.2754,0.2499,0.2523,5092279.01
2019-12-15 03:00:00,BINANCE:ALGOUSDT,0.2518,0.27,0.2503,0.2661,4401859.21
2019-12-16 03:00:00,BINANCE:ALGOUSDT,0.2661,0.268,0.242,0.2437,7396609.70999999
2019-12-17 03:00:00,BINANCE:ALGOUSDT,0.2432,0.2445,0.2157,0.2187,5187693.01
2019-12-18 03:00:00,BINANCE:ALGOUSDT,0.2187,0.2476,0.2135,0.2447,5711203.68
2019-12-19 03:00:00,BINANCE:ALGOUSDT,0.245,0.2462,0.226,0.2297,4357609.38
2019-12-20 03:00:00,BINANCE:ALGOUSDT,0.2288,0.246,0.2197,0.2399,5280107.53
2019-12-21 03:00:00,BINANCE:ALGOUSDT,0.2395,0.2416,0.23,0.24,2998933.32
2019-12-22 03:00:00,BINANCE:ALGOUSDT,0.24,0.2542,0.2375,0.247,6041682.89999999
2019-12-23 03:00:00,BINANCE:ALGOUSDT,0.2474,0.2533,0.2352,0.2403,3820287.88
2019-12-24 03:00:00,BINANCE:ALGOUSDT,0.2403,0.2407,0.2301,0.2306,2978034.38
2019-12-25 03:00:00,BINANCE:ALGOUSDT,0.2312,0.2327,0.2244,0.2275,2527901.7
2019-12-26 03:00:00,BINANCE:ALGOUSDT,0.2269,0.2416,0.2268,0.2397,2486379.42
2019-12-27 03:00:00,BINANCE:ALGOUSDT,0.239,0.239,0.2208,0.2295,3442670.61
2019-12-28 03:00:00,BINANCE:ALGOUSDT,0.2295,0.2373,0.2273,0.2327,1670038.15
2019-12-29 03:00:00,BINANCE:ALGOUSDT,0.233,0.2369,0.228,0.2317,1453339.67
2019-12-30 03:00:00,BINANCE:ALGOUSDT,0.2311,0.2349,0.2223,0.2253,2064629.05
2019-12-31 03:00:00,BINANCE:ALGOUSDT,0.2253,0.2287,0.214,0.2168,2613725.02
2020-01-01 03:00:00,BINANCE:ALGOUSDT,0.2164,0.2248,0.2149,0.2201,2321528.73
2020-01-02 03:00:00,BINANCE:ALGOUSDT,0.2201,0.221,0.2106,0.2139,2103741.28
2020-01-03 03:00:00,BINANCE:ALGOUSDT,0.2135,0.23,0.2133,0.2272,4882382.62
2020-01-04 03:00:00,BINANCE:ALGOUSDT,0.227,0.2352,0.2245,0.2352,2932660.58
2020-01-05 03:00:00,BINANCE:ALGOUSDT,0.2352,0.2379,0.2282,0.2294,2236608.47
2020-01-06 03:00:00,BINANCE:ALGOUSDT,0.2289,0.244,0.2287,0.2427,2980820.20000001
2020-01-07 03:00:00,BINANCE:ALGOUSDT,0.2421,0.2442,0.2279,0.2303,3635835.7
2020-01-08 03:00:00,BINANCE:ALGOUSDT,0.2305,0.2359,0.2232,0.2284,2778452.83
2020-01-09 03:00:00,BINANCE:ALGOUSDT,0.2287,0.2294,0.2207,0.2222,2663278.29
2020-01-10 03:00:00,BINANCE:ALGOUSDT,0.2221,0.2275,0.22,0.226,2729349.13
2020-01-11 03:00:00,BINANCE:ALGOUSDT,0.2263,0.232,0.2236,0.2264,2928833.69
2020-01-12 03:00:00,BINANCE:ALGOUSDT,0.2264,0.2305,0.2244,0.2283,2233290.74
2020-01-13 03:00:00,BINANCE:ALGOUSDT,0.228,0.2308,0.224,0.227,1687930.16
2020-01-14 03:00:00,BINANCE:ALGOUSDT,0.2272,0.235,0.224,0.2296,8617064.36000001
2020-01-15 03:00:00,BINANCE:ALGOUSDT,0.2295,0.2579,0.2258,0.2474,10164581.41000001
2020-01-16 03:00:00,BINANCE:ALGOUSDT,0.2474,0.251,0.2316,0.2414,4695347.11
2020-01-17 03:00:00,BINANCE:ALGOUSDT,0.2418,0.268,0.2399,0.262,8766477.69000002
2020-01-18 03:00:00,BINANCE:ALGOUSDT,0.2616,0.268,0.2478,0.2585,5538823.72
2020-01-19 03:00:00,BINANCE:ALGOUSDT,0.2583,0.2611,0.233,0.24,5044576.51
2020-01-20 03:00:00,BINANCE:ALGOUSDT,0.2402,0.2429,0.2315,0.237,2933922.34
2020-01-21 03:00:00,BINANCE:ALGOUSDT,0.2366,0.2561,0.235,0.2482,8168296.52
2020-01-22 03:00:00,BINANCE:ALGOUSDT,0.2488,0.251,0.2434,0.247,3814538.77
2020-01-23 03:00:00,BINANCE:ALGOUSDT,0.2466,0.2472,0.2326,0.2356,3332831.78
2020-01-24 03:00:00,BINANCE:ALGOUSDT,0.2356,0.2405,0.2303,0.2316,5173920.91
2020-01-25 03:00:00,BINANCE:ALGOUSDT,0.2317,0.2373,0.2291,0.234,3294543.34
2020-01-26 03:00:00,BINANCE:ALGOUSDT,0.2339,0.238,0.2332,0.2378,3136631.74
2020-01-27 03:00:00,BINANCE:ALGOUSDT,0.2378,0.2424,0.2374,0.24,4103047.83
2020-01-28 03:00:00,BINANCE:ALGOUSDT,0.2398,0.2463,0.2385,0.2437,5652197.78
2020-01-29 03:00:00,BINANCE:ALGOUSDT,0.244,0.2444,0.239,0.2405,4807294.66000001
2020-01-30 03:00:00,BINANCE:ALGOUSDT,0.2405,0.2455,0.2368,0.2415,6158421.05
2020-01-31 03:00:00,BINANCE:ALGOUSDT,0.2416,0.2607,0.2394,0.2474,11278993.07000001
2020-02-01 03:00:00,BINANCE:ALGOUSDT,0.2475,0.2521,0.2437,0.2475,4453097.47
2020-02-02 03:00:00,BINANCE:ALGOUSDT,0.2476,0.2599,0.2421,0.2528,7346486.86000001
2020-02-03 03:00:00,BINANCE:ALGOUSDT,0.2526,0.27,0.2483,0.263,8163398.23
2020-02-04 03:00:00,BINANCE:ALGOUSDT,0.2632,0.2879,0.2588,0.2804,14258453.77
2020-02-05 03:00:00,BINANCE:ALGOUSDT,0.2804,0.2846,0.2651,0.2753,8404671.65999999
2020-02-06 03:00:00,BINANCE:ALGOUSDT,0.2756,0.2933,0.2728,0.2884,9719848.35
2020-02-07 03:00:00,BINANCE:ALGOUSDT,0.2883,0.3223,0.2807,0.3124,15002159.29999998
2020-02-08 03:00:00,BINANCE:ALGOUSDT,0.3123,0.321,0.2896,0.3074,9163685.54
2020-02-09 03:00:00,BINANCE:ALGOUSDT,0.3074,0.349,0.3044,0.3411,12522893.31999999
2020-02-10 03:00:00,BINANCE:ALGOUSDT,0.3406,0.3761,0.3075,0.3585,23135118.68100002
2020-02-11 03:00:00,BINANCE:ALGOUSDT,0.3585,0.3806,0.3423,0.369,13084937.626
2020-02-12 03:00:00,BINANCE:ALGOUSDT,0.3687,0.4131,0.3615,0.3876,15167047.58200001
2020-02-13 03:00:00,BINANCE:ALGOUSDT,0.3872,0.404,0.3413,0.3494,15321763.09
2020-02-14 03:00:00,BINANCE:ALGOUSDT,0.3497,0.3845,0.3419,0.3664,10364394.28
2020-02-15 03:00:00,BINANCE:ALGOUSDT,0.3664,0.3907,0.3262,0.3349,12437050.38
2020-02-16 03:00:00,BINANCE:ALGOUSDT,0.3349,0.3503,0.287,0.345,13289762.13999999
2020-02-17 03:00:00,BINANCE:ALGOUSDT,0.3449,0.351,0.2905,0.3299,13247246.91
2020-02-18 03:00:00,BINANCE:ALGOUSDT,0.3299,0.3566,0.3061,0.3495,8131410.02
2020-02-19 03:00:00,BINANCE:ALGOUSDT,0.3492,0.3943,0.336,0.3476,11528620.23999999
2020-02-20 03:00:00,BINANCE:ALGOUSDT,0.3475,0.4514,0.335,0.4342,31860158.20099997
2020-02-21 03:00:00,BINANCE:ALGOUSDT,0.4342,0.48,0.4093,0.418,31872427.39000002
2020-02-22 03:00:00,BINANCE:ALGOUSDT,0.4172,0.469,0.4107,0.4495,19160834.72000001
2020-02-23 03:00:00,BINANCE:ALGOUSDT,0.4492,0.4669,0.4238,0.4594,11868446.65000001
2020-02-24 03:00:00,BINANCE:ALGOUSDT,0.4595,0.5027,0.433,0.4946,32885712.13199996
2020-02-25 03:00:00,BINANCE:ALGOUSDT,0.4949,0.4961,0.3762,0.3938,36295758.72999998
2020-02-26 03:00:00,BINANCE:ALGOUSDT,0.3938,0.41,0.3383,0.3629,28251645.96999997
2020-02-27 03:00:00,BINANCE:ALGOUSDT,0.3628,0.3968,0.3388,0.3764,16156102.44
2020-02-28 03:00:00,BINANCE:ALGOUSDT,0.3764,0.3844,0.333,0.349,16274375.55999999
2020-02-29 03:00:00,BINANCE:ALGOUSDT,0.3491,0.3697,0.3235,0.3236,12358036.16999998
2020-03-01 03:00:00,BINANCE:ALGOUSDT,0.3236,0.3468,0.308,0.3197,11805826.57000001
2020-03-02 03:00:00,BINANCE:ALGOUSDT,0.3196,0.3909,0.3118,0.3742,15473577.08999999
2020-03-03 03:00:00,BINANCE:ALGOUSDT,0.3742,0.3879,0.3549,0.3689,16646553.59
2020-03-04 03:00:00,BINANCE:ALGOUSDT,0.3686,0.4126,0.3653,0.3929,17939211.30000003
2020-03-05 03:00:00,BINANCE:ALGOUSDT,0.3925,0.41,0.3755,0.379,11482013.25
2020-03-06 03:00:00,BINANCE:ALGOUSDT,0.3783,0.386,0.361,0.3732,10906585.47000001
2020-03-07 03:00:00,BINANCE:ALGOUSDT,0.3733,0.3822,0.3364,0.3375,12297089.01
2020-03-08 03:00:00,BINANCE:ALGOUSDT,0.3375,0.3407,0.2881,0.2904,19338093.05999999
2020-03-09 03:00:00,BINANCE:ALGOUSDT,0.2904,0.2998,0.2498,0.2787,20978950.55
2020-03-10 03:00:00,BINANCE:ALGOUSDT,0.2795,0.2987,0.2696,0.282,13937825.84999999
2020-03-11 03:00:00,BINANCE:ALGOUSDT,0.2828,0.2887,0.2489,0.2706,9841617.77999999
2020-03-12 03:00:00,BINANCE:ALGOUSDT,0.271,0.2714,0.13,0.1343,30353476.30000004
2020-03-13 03:00:00,BINANCE:ALGOUSDT,0.1348,0.1784,0.0958,0.1527,37202685.57000004
2020-03-14 03:00:00,BINANCE:ALGOUSDT,0.1517,0.167,0.1439,0.1473,12749848.62
2020-03-15 03:00:00,BINANCE:ALGOUSDT,0.1475,0.162,0.1417,0.1471,18030700.63000001
2020-03-16 03:00:00,BINANCE:ALGOUSDT,0.1471,0.1473,0.115,0.1266,20956613.16
2020-03-17 03:00:00,BINANCE:ALGOUSDT,0.1265,0.1498,0.1238,0.139,17648324.44
2020-03-18 03:00:00,BINANCE:ALGOUSDT,0.139,0.1452,0.127,0.1409,13351560.28999999
2020-03-19 03:00:00,BINANCE:ALGOUSDT,0.1407,0.1696,0.1391,0.1574,17997764.14999998
2020-03-20 03:00:00,BINANCE:ALGOUSDT,0.1574,0.1863,0.1438,0.1578,21916848.63999999
2020-03-21 03:00:00,BINANCE:ALGOUSDT,0.158,0.1649,0.1441,0.153,13003799.31
2020-03-22 03:00:00,BINANCE:ALGOUSDT,0.1524,0.1695,0.1434,0.1455,25032633.22
2020-03-23 03:00:00,BINANCE:ALGOUSDT,0.1452,0.1629,0.1412,0.1595,11756142.90999997
2020-03-24 03:00:00,BINANCE:ALGOUSDT,0.16,0.164,0.1521,0.1598,15665049.17
2020-03-25 03:00:00,BINANCE:ALGOUSDT,0.1594,0.1619,0.1503,0.1536,12742393.56
2020-03-26 03:00:00,BINANCE:ALGOUSDT,0.1539,0.1598,0.1503,0.159,11839876.87000001
2020-03-27 03:00:00,BINANCE:ALGOUSDT,0.1586,0.1688,0.1524,0.1538,17855259.62000002
2020-03-28 03:00:00,BINANCE:ALGOUSDT,0.1538,0.1539,0.143,0.1499,10771529.11000001
2020-03-29 03:00:00,BINANCE:ALGOUSDT,0.1499,0.1524,0.1422,0.1441,7506172.51
2020-03-30 03:00:00,BINANCE:ALGOUSDT,0.1441,0.1567,0.1433,0.1547,14694142.69999997
2020-03-31 03:00:00,BINANCE:ALGOUSDT,0.1545,0.1578,0.1512,0.154,8735708.38
2020-04-01 03:00:00,BINANCE:ALGOUSDT,0.1538,0.1558,0.1483,0.154,11855432.55000002
2020-04-02 03:00:00,BINANCE:ALGOUSDT,0.1541,0.1638,0.1532,0.158,17532120.90999998
2020-04-03 03:00:00,BINANCE:ALGOUSDT,0.1578,0.1621,0.1546,0.1586,9609555.69
2020-04-04 03:00:00,BINANCE:ALGOUSDT,0.1585,0.1792,0.1582,0.1772,20035325.60000002
2020-04-05 03:00:00,BINANCE:ALGOUSDT,0.1776,0.1844,0.1668,0.1718,21611656.04999998
2020-04-06 03:00:00,BINANCE:ALGOUSDT,0.1718,0.1888,0.1692,0.1876,15404014.9
2020-04-07 03:00:00,BINANCE:ALGOUSDT,0.1879,0.1993,0.1801,0.1856,18048051.76999998
2020-04-08 03:00:00,BINANCE:ALGOUSDT,0.1854,0.2059,0.1843,0.2039,12255075.81000002
2020-04-09 03:00:00,BINANCE:ALGOUSDT,0.2034,0.2108,0.195,0.2,16280431.20000002
2020-04-10 03:00:00,BINANCE:ALGOUSDT,0.2,0.2004,0.1703,0.1786,21617333.73
2020-04-11 03:00:00,BINANCE:ALGOUSDT,0.1786,0.186,0.1729,0.1795,9801469.71
2020-04-12 03:00:00,BINANCE:ALGOUSDT,0.1794,0.189,0.1742,0.1773,12089660.91
2020-04-13 03:00:00,BINANCE:ALGOUSDT,0.1773,0.1789,0.1679,0.1755,15504369.60000002
2020-04-14 03:00:00,BINANCE:ALGOUSDT,0.1754,0.1826,0.1705,0.1783,11111729.97999999
2020-04-15 03:00:00,BINANCE:ALGOUSDT,0.1782,0.1829,0.159,0.1687,13709954.16000001
2020-04-16 03:00:00,BINANCE:ALGOUSDT,0.1681,0.19,0.1641,0.1857,19031855.37999999
2020-04-17 03:00:00,BINANCE:ALGOUSDT,0.1858,0.1932,0.183,0.1878,11532369.50000001
2020-04-18 03:00:00,BINANCE:ALGOUSDT,0.1878,0.2014,0.1873,0.1987,11139797.86999999
2020-04-19 03:00:00,BINANCE:ALGOUSDT,0.1987,0.1992,0.1854,0.1875,10400412.04999999
2020-04-20 03:00:00,BINANCE:ALGOUSDT,0.1878,0.1941,0.1732,0.1765,14510302.79
2020-04-21 03:00:00,BINANCE:ALGOUSDT,0.1763,0.1811,0.1736,0.1776,7541121.16
2020-04-22 03:00:00,BINANCE:ALGOUSDT,0.178,0.1878,0.1761,0.1872,6741691.19000001
2020-04-23 03:00:00,BINANCE:ALGOUSDT,0.1872,0.2,0.1807,0.1952,11916550.59
2020-04-24 03:00:00,BINANCE:ALGOUSDT,0.1952,0.2153,0.1932,0.209,20376480.84000002
2020-04-25 03:00:00,BINANCE:ALGOUSDT,0.209,0.2229,0.2024,0.2108,14012319.93999998
2020-04-26 03:00:00,BINANCE:ALGOUSDT,0.2109,0.2353,0.2108,0.2257,23617881.45
2020-04-27 03:00:00,BINANCE:ALGOUSDT,0.2254,0.2275,0.2055,0.2168,13455045.25
2020-04-28 03:00:00,BINANCE:ALGOUSDT,0.2168,0.2244,0.2087,0.2154,10165453.51999999
2020-04-29 03:00:00,BINANCE:ALGOUSDT,0.2158,0.2312,0.2146,0.2302,18811445.74000001
2020-04-30 03:00:00,BINANCE:ALGOUSDT,0.2302,0.2334,0.2011,0.2093,30634064.27000002
2020-05-01 03:00:00,BINANCE:ALGOUSDT,0.2094,0.2224,0.2094,0.2139,11387032.62999999
2020-05-02 03:00:00,BINANCE:ALGOUSDT,0.2137,0.222,0.2125,0.2188,9810019.40000001
2020-05-03 03:00:00,BINANCE:ALGOUSDT,0.2186,0.222,0.2014,0.2055,26028751.53
2020-05-04 03:00:00,BINANCE:ALGOUSDT,0.2058,0.2115,0.1892,0.2055,16679698.48
2020-05-05 03:00:00,BINANCE:ALGOUSDT,0.2057,0.2118,0.2021,0.2085,16019931.15000001
2020-05-06 03:00:00,BINANCE:ALGOUSDT,0.2084,0.2105,0.1948,0.1976,12864689.06999999
2020-05-07 03:00:00,BINANCE:ALGOUSDT,0.1972,0.2051,0.1936,0.204,12202765.24000001
2020-05-08 03:00:00,BINANCE:ALGOUSDT,0.2037,0.2236,0.2013,0.2181,16283198.46999999
2020-05-09 03:00:00,BINANCE:ALGOUSDT,0.2181,0.2247,0.2108,0.2136,13242090.49000002
2020-05-10 03:00:00,BINANCE:ALGOUSDT,0.2137,0.2139,0.1742,0.1919,19680064.7
2020-05-11 03:00:00,BINANCE:ALGOUSDT,0.192,0.1996,0.1742,0.1865,15551619.03999999
2020-05-12 03:00:00,BINANCE:ALGOUSDT,0.1865,0.1991,0.1859,0.1933,9090225.23
2020-05-13 03:00:00,BINANCE:ALGOUSDT,0.1934,0.1976,0.1894,0.1954,9404045.33
2020-05-14 03:00:00,BINANCE:ALGOUSDT,0.1954,0.205,0.1925,0.197,18259028.55
2020-05-15 03:00:00,BINANCE:ALGOUSDT,0.197,0.202,0.189,0.192,12734513.09999999
2020-05-16 03:00:00,BINANCE:ALGOUSDT,0.1918,0.2003,0.1906,0.198,8855077.61
2020-05-17 03:00:00,BINANCE:ALGOUSDT,0.1981,0.204,0.1967,0.1979,9953920.0
2020-05-18 03:00:00,BINANCE:ALGOUSDT,0.1979,0.2042,0.1977,0.2014,8767019.77000001
2020-05-19 03:00:00,BINANCE:ALGOUSDT,0.201,0.2018,0.1956,0.2008,10533934.28999999
2020-05-20 03:00:00,BINANCE:ALGOUSDT,0.2005,0.2146,0.1981,0.2091,19012203.60000001
2020-05-21 03:00:00,BINANCE:ALGOUSDT,0.209,0.2099,0.1836,0.1915,17531368.23
2020-05-22 03:00:00,BINANCE:ALGOUSDT,0.1909,0.2087,0.1881,0.2044,13490618.74000001
2020-05-23 03:00:00,BINANCE:ALGOUSDT,0.2046,0.2123,0.1995,0.2014,10281559.18999998
2020-05-24 03:00:00,BINANCE:ALGOUSDT,0.2014,0.2112,0.1944,0.1972,17639428.16999996
2020-05-25 03:00:00,BINANCE:ALGOUSDT,0.1971,0.2126,0.1937,0.2118,13618986.0
2020-05-26 03:00:00,BINANCE:ALGOUSDT,0.2116,0.2227,0.2057,0.2186,22094449.58999996
2020-05-27 03:00:00,BINANCE:ALGOUSDT,0.2187,0.2263,0.2147,0.22,13652384.85000001
2020-05-28 03:00:00,BINANCE:ALGOUSDT,0.2206,0.2275,0.2131,0.227,10683175.83999999
2020-05-29 03:00:00,BINANCE:ALGOUSDT,0.2272,0.2351,0.2223,0.2281,11225746.75999999
2020-05-30 03:00:00,BINANCE:ALGOUSDT,0.2284,0.244,0.2248,0.2438,15952172.22000001
2020-05-31 03:00:00,BINANCE:ALGOUSDT,0.2433,0.26,0.2286,0.2332,26140488.30999996
2020-06-01 03:00:00,BINANCE:ALGOUSDT,0.2338,0.262,0.2319,0.2499,23684090.88
2020-06-02 03:00:00,BINANCE:ALGOUSDT,0.2499,0.2589,0.2343,0.2458,11342971.79999998
2020-06-03 03:00:00,BINANCE:ALGOUSDT,0.2458,0.2468,0.2371,0.2421,5962145.05000001
2020-06-04 03:00:00,BINANCE:ALGOUSDT,0.242,0.2494,0.2375,0.2421,9748947.75
2020-06-05 03:00:00,BINANCE:ALGOUSDT,0.2418,0.2427,0.2317,0.2321,6911155.41
2020-06-06 03:00:00,BINANCE:ALGOUSDT,0.2321,0.2391,0.2289,0.2373,5386184.43000001
2020-06-07 03:00:00,BINANCE:ALGOUSDT,0.2372,0.2375,0.2245,0.232,4719561.37000001
2020-06-08 03:00:00,BINANCE:ALGOUSDT,0.232,0.236,0.2292,0.2339,5463652.89
2020-06-09 03:00:00,BINANCE:ALGOUSDT,0.2345,0.2434,0.2302,0.2423,6334799.46999999
2020-06-10 03:00:00,BINANCE:ALGOUSDT,0.2421,0.2488,0.2402,0.247,7398278.39
2020-06-11 03:00:00,BINANCE:ALGOUSDT,0.2472,0.2507,0.2261,0.2305,12719021.7
2020-06-12 03:00:00,BINANCE:ALGOUSDT,0.2308,0.235,0.2262,0.2317,7163352.47
2020-06-13 03:00:00,BINANCE:ALGOUSDT,0.2317,0.2358,0.2288,0.2347,3408568.54
2020-06-14 03:00:00,BINANCE:ALGOUSDT,0.2348,0.2465,0.2294,0.2329,12353797.26999998
2020-06-15 03:00:00,BINANCE:ALGOUSDT,0.2328,0.2328,0.2101,0.2267,16013310.50000001
2020-06-16 03:00:00,BINANCE:ALGOUSDT,0.2272,0.2409,0.2255,0.2357,11870845.23000002
2020-06-17 03:00:00,BINANCE:ALGOUSDT,0.2358,0.247,0.2305,0.2446,16173724.93999999
2020-06-18 03:00:00,BINANCE:ALGOUSDT,0.2446,0.2515,0.2381,0.2403,14665208.33000002
2020-06-19 03:00:00,BINANCE:ALGOUSDT,0.2403,0.2403,0.2311,0.2317,8412977.84
2020-06-20 03:00:00,BINANCE:ALGOUSDT,0.2318,0.2349,0.2262,0.2306,6554298.17
2020-06-21 03:00:00,BINANCE:ALGOUSDT,0.231,0.2404,0.231,0.2321,7461323.88
2020-06-22 03:00:00,BINANCE:ALGOUSDT,0.232,0.2415,0.232,0.2415,8466924.76
2020-06-23 03:00:00,BINANCE:ALGOUSDT,0.2415,0.2513,0.2357,0.25,11782124.10000001
2020-06-24 03:00:00,BINANCE:ALGOUSDT,0.25,0.257,0.2312,0.2391,24011599.61000001
2020-06-25 03:00:00,BINANCE:ALGOUSDT,0.2384,0.2402,0.225,0.2343,12342058.24
2020-06-26 03:00:00,BINANCE:ALGOUSDT,0.2344,0.2347,0.2207,0.2227,10385337.16000001
2020-06-27 03:00:00,BINANCE:ALGOUSDT,0.2229,0.2229,0.1958,0.2052,14419668.21000001
2020-06-28 03:00:00,BINANCE:ALGOUSDT,0.2054,0.2121,0.1992,0.208,7106049.64
2020-06-29 03:00:00,BINANCE:ALGOUSDT,0.208,0.2153,0.2065,0.214,6821192.98
2020-06-30 03:00:00,BINANCE:ALGOUSDT,0.2141,0.2146,0.2076,0.2082,3779620.52
2020-07-01 03:00:00,BINANCE:ALGOUSDT,0.2083,0.2197,0.2077,0.2142,7560818.1
2020-07-02 03:00:00,BINANCE:ALGOUSDT,0.2142,0.2181,0.2007,0.2046,10897456.17999999
2020-07-03 03:00:00,BINANCE:ALGOUSDT,0.2049,0.2084,0.202,0.2034,6320267.12000001
2020-07-04 03:00:00,BINANCE:ALGOUSDT,0.2034,0.2178,0.2031,0.2177,6387656.29
2020-07-05 03:00:00,BINANCE:ALGOUSDT,0.2172,0.2192,0.2079,0.2154,8135332.58
2020-07-06 03:00:00,BINANCE:ALGOUSDT,0.2154,0.2314,0.2154,0.229,13514157.42999999
2020-07-07 03:00:00,BINANCE:ALGOUSDT,0.229,0.2363,0.2235,0.2329,13297871.55000001
2020-07-08 03:00:00,BINANCE:ALGOUSDT,0.233,0.2524,0.2296,0.2468,18771062.71999997
2020-07-09 03:00:00,BINANCE:ALGOUSDT,0.247,0.2545,0.2336,0.2417,21255336.67000003
2020-07-10 03:00:00,BINANCE:ALGOUSDT,0.2413,0.2528,0.2282,0.2501,15618166.39999999
2020-07-11 03:00:00,BINANCE:ALGOUSDT,0.2502,0.2949,0.249,0.2794,56408395.61999997
2020-07-12 03:00:00,BINANCE:ALGOUSDT,0.2793,0.2861,0.2607,0.279,19196502.92999999
2020-07-13 03:00:00,BINANCE:ALGOUSDT,0.2793,0.2914,0.2601,0.2653,28864399.86000002
2020-07-14 03:00:00,BINANCE:ALGOUSDT,0.2651,0.2773,0.25,0.2722,24066025.90000004
2020-07-15 03:00:00,BINANCE:ALGOUSDT,0.2723,0.2926,0.2608,0.2881,26276394.19000003
2020-07-16 03:00:00,BINANCE:ALGOUSDT,0.2881,0.3604,0.264,0.3546,120683876.83000013
2020-07-17 03:00:00,BINANCE:ALGOUSDT,0.3546,0.3868,0.3326,0.346,81929671.03999998
2020-07-18 03:00:00,BINANCE:ALGOUSDT,0.346,0.364,0.3319,0.3558,26932812.13000001
2020-07-19 03:00:00,BINANCE:ALGOUSDT,0.3558,0.399,0.3368,0.3883,28206480.40999998
2020-07-20 03:00:00,BINANCE:ALGOUSDT,0.3887,0.3957,0.3425,0.3567,43805592.80999996
2020-07-21 03:00:00,BINANCE:ALGOUSDT,0.3566,0.3706,0.3352,0.3463,34488069.06999999
2020-07-22 03:00:00,BINANCE:ALGOUSDT,0.3461,0.3596,0.3426,0.3456,19968117.73999997
2020-07-23 03:00:00,BINANCE:ALGOUSDT,0.3458,0.3495,0.3233,0.3291,23578757.67999997
2020-07-24 03:00:00,BINANCE:ALGOUSDT,0.329,0.3307,0.31,0.3123,20416761.08
2020-07-25 03:00:00,BINANCE:ALGOUSDT,0.3122,0.3374,0.3102,0.319,22159338.91
2020-07-26 03:00:00,BINANCE:ALGOUSDT,0.3189,0.3319,0.3037,0.3211,23060491.74999997
2020-07-27 03:00:00,BINANCE:ALGOUSDT,0.3211,0.3245,0.2682,0.2873,41513389.91000005
2020-07-28 03:00:00,BINANCE:ALGOUSDT,0.2875,0.3173,0.2767,0.3143,26575322.76999996
2020-07-29 03:00:00,BINANCE:ALGOUSDT,0.3143,0.3279,0.3058,0.308,21455088.69999999
2020-07-30 03:00:00,BINANCE:ALGOUSDT,0.3076,0.347,0.3033,0.3347,44573219.04999993
2020-07-31 03:00:00,BINANCE:ALGOUSDT,0.3343,0.348,0.3167,0.3271,18159118.07000002
2020-08-01 03:00:00,BINANCE:ALGOUSDT,0.3274,0.336,0.322,0.3279,17131457.77000004
2020-08-02 03:00:00,BINANCE:ALGOUSDT,0.3279,0.3382,0.2591,0.3016,24953570.05000002
2020-08-03 03:00:00,BINANCE:ALGOUSDT,0.3015,0.3235,0.2987,0.3096,13229468.45999999
2020-08-04 03:00:00,BINANCE:ALGOUSDT,0.3097,0.3316,0.3094,0.3266,13145995.19999999
2020-08-05 03:00:00,BINANCE:ALGOUSDT,0.3269,0.3466,0.3211,0.3355,22358605.74000004
2020-08-06 03:00:00,BINANCE:ALGOUSDT,0.335,0.3748,0.3335,0.3638,33650170.2
2020-08-07 03:00:00,BINANCE:ALGOUSDT,0.3638,0.3799,0.3345,0.3689,28430646.46000007
2020-08-08 03:00:00,BINANCE:ALGOUSDT,0.3692,0.46,0.3675,0.4524,50702799.17000004
2020-08-09 03:00:00,BINANCE:ALGOUSDT,0.4524,0.4713,0.411,0.4245,44555899.43999998
2020-08-10 03:00:00,BINANCE:ALGOUSDT,0.4245,0.4861,0.403,0.4686,48267064.99000003
2020-08-11 03:00:00,BINANCE:ALGOUSDT,0.4687,0.4875,0.3958,0.4366,52916965.05000004
2020-08-12 03:00:00,BINANCE:ALGOUSDT,0.4361,0.544,0.4067,0.5233,59270409.74199993
2020-08-13 03:00:00,BINANCE:ALGOUSDT,0.5233,0.6965,0.4959,0.6699,122235762.07799986
2020-08-14 03:00:00,BINANCE:ALGOUSDT,0.6688,0.76,0.6191,0.6388,90649893.97999991
2020-08-15 03:00:00,BINANCE:ALGOUSDT,0.638,0.7089,0.5854,0.6342,58732672.95999994
2020-08-16 03:00:00,BINANCE:ALGOUSDT,0.6343,0.6649,0.615,0.6291,45691687.29000014
2020-08-17 03:00:00,BINANCE:ALGOUSDT,0.6291,0.693,0.5812,0.5872,54686163.21999994
2020-08-18 03:00:00,BINANCE:ALGOUSDT,0.5871,0.6071,0.51,0.5567,51567546.33999999
2020-08-19 03:00:00,BINANCE:ALGOUSDT,0.5562,0.6257,0.5,0.5965,76601980.07999986
2020-08-20 03:00:00,BINANCE:ALGOUSDT,0.5964,0.6666,0.592,0.6264,56682001.16999998
2020-08-21 03:00:00,BINANCE:ALGOUSDT,0.6261,0.6345,0.5219,0.5323,61932553.59999998
2020-08-22 03:00:00,BINANCE:ALGOUSDT,0.5314,0.5862,0.511,0.5636,46973487.0199999
2020-08-23 03:00:00,BINANCE:ALGOUSDT,0.5643,0.6375,0.5439,0.6132,43077734.40000006
2020-08-24 03:00:00,BINANCE:ALGOUSDT,0.6137,0.6645,0.5933,0.6293,42594604.20000003
2020-08-25 03:00:00,BINANCE:ALGOUSDT,0.629,0.6391,0.529,0.5609,46808856.49000006
2020-08-26 03:00:00,BINANCE:ALGOUSDT,0.5612,0.589,0.5293,0.55,30516133.20000002
2020-08-27 03:00:00,BINANCE:ALGOUSDT,0.5505,0.5579,0.49,0.5225,33964698.03000002
2020-08-28 03:00:00,BINANCE:ALGOUSDT,0.5226,0.5625,0.5122,0.5337,23945614.88000003
2020-08-29 03:00:00,BINANCE:ALGOUSDT,0.5343,0.5483,0.5229,0.5334,15949179.44
2020-08-30 03:00:00,BINANCE:ALGOUSDT,0.5335,0.55,0.5067,0.5181,19710998.33000001
2020-08-31 03:00:00,BINANCE:ALGOUSDT,0.5182,0.5268,0.5014,0.5021,15634942.21999999
2020-09-01 03:00:00,BINANCE:ALGOUSDT,0.5015,0.5536,0.489,0.5168,39136381.19999998
2020-09-02 03:00:00,BINANCE:ALGOUSDT,0.5164,0.5271,0.4186,0.4638,40772253.13999995
2020-09-03 03:00:00,BINANCE:ALGOUSDT,0.4638,0.4716,0.33,0.3486,45181712.16999998
2020-09-04 03:00:00,BINANCE:ALGOUSDT,0.3484,0.3877,0.3311,0.374,36460308.68000004
2020-09-05 03:00:00,BINANCE:ALGOUSDT,0.3738,0.3998,0.316,0.3415,31484038.26000004
2020-09-06 03:00:00,BINANCE:ALGOUSDT,0.3419,0.3874,0.3189,0.3757,25122252.89
2020-09-07 03:00:00,BINANCE:ALGOUSDT,0.3756,0.3846,0.3293,0.3722,23012046.06999999
2020-09-08 03:00:00,BINANCE:ALGOUSDT,0.3728,0.3766,0.3367,0.349,17930662.54
2020-09-09 03:00:00,BINANCE:ALGOUSDT,0.3489,0.435,0.3376,0.413,38270938.02999994
2020-09-10 03:00:00,BINANCE:ALGOUSDT,0.4129,0.45,0.4012,0.4131,31352357.40999999
2020-09-11 03:00:00,BINANCE:ALGOUSDT,0.4128,0.4151,0.39,0.411,20103330.77000004
2020-09-12 03:00:00,BINANCE:ALGOUSDT,0.4112,0.4181,0.3973,0.409,16999629.8
2020-09-13 03:00:00,BINANCE:ALGOUSDT,0.409,0.4159,0.3554,0.3774,18492942.26999999
2020-09-14 03:00:00,BINANCE:ALGOUSDT,0.3774,0.39,0.3651,0.3819,12947283.10999999
2020-09-15 03:00:00,BINANCE:ALGOUSDT,0.3817,0.3884,0.3512,0.3539,14742851.03999999
2020-09-16 03:00:00,BINANCE:ALGOUSDT,0.3539,0.3628,0.3366,0.3598,13172327.15999999
2020-09-17 03:00:00,BINANCE:ALGOUSDT,0.3599,0.376,0.3458,0.3565,16841409.98999998
2020-09-18 03:00:00,BINANCE:ALGOUSDT,0.3566,0.3632,0.3281,0.3369,17559994.08000002
2020-09-19 03:00:00,BINANCE:ALGOUSDT,0.3366,0.3461,0.3248,0.3423,10759537.08
2020-09-20 03:00:00,BINANCE:ALGOUSDT,0.3424,0.3589,0.3115,0.3273,16875651.53000001
2020-09-21 03:00:00,BINANCE:ALGOUSDT,0.3274,0.3305,0.2742,0.2873,30174042.83999997
2020-09-22 03:00:00,BINANCE:ALGOUSDT,0.288,0.3136,0.2748,0.3062,20205160.80000004
2020-09-23 03:00:00,BINANCE:ALGOUSDT,0.3063,0.31,0.263,0.269,18124984.06999999
2020-09-24 03:00:00,BINANCE:ALGOUSDT,0.2693,0.3026,0.2633,0.2941,16928414.91999999
2020-09-25 03:00:00,BINANCE:ALGOUSDT,0.2941,0.3278,0.288,0.3174,20945388.02000002
2020-09-26 03:00:00,BINANCE:ALGOUSDT,0.3175,0.3419,0.3135,0.3253,17346342.07000001
2020-09-27 03:00:00,BINANCE:ALGOUSDT,0.3249,0.3277,0.3029,0.3209,11393944.83999999
2020-09-28 03:00:00,BINANCE:ALGOUSDT,0.3205,0.3502,0.3189,0.327,19576643.61999999
2020-09-29 03:00:00,BINANCE:ALGOUSDT,0.3267,0.3437,0.3182,0.3392,19838177.58000006
2020-09-30 03:00:00,BINANCE:ALGOUSDT,0.3392,0.3559,0.3196,0.3469,19805838.28
2020-10-01 03:00:00,BINANCE:ALGOUSDT,0.347,0.375,0.3244,0.335,24855325.31999998
2020-10-02 03:00:00,BINANCE:ALGOUSDT,0.3344,0.3401,0.2912,0.3158,25098571.42999995
2020-10-03 03:00:00,BINANCE:ALGOUSDT,0.3158,0.3293,0.3124,0.3154,8990099.34
2020-10-04 03:00:00,BINANCE:ALGOUSDT,0.315,0.3206,0.3051,0.312,8196271.93
2020-10-05 03:00:00,BINANCE:ALGOUSDT,0.3122,0.3222,0.3076,0.3184,7125619.11
2020-10-06 03:00:00,BINANCE:ALGOUSDT,0.3184,0.3213,0.2813,0.2859,14774349.43999999
2020-10-07 03:00:00,BINANCE:ALGOUSDT,0.2862,0.3109,0.2767,0.3063,16857253.38999999
2020-10-08 03:00:00,BINANCE:ALGOUSDT,0.3062,0.315,0.2883,0.3087,19453086.22000004
2020-10-09 03:00:00,BINANCE:ALGOUSDT,0.3088,0.3325,0.3003,0.3286,14980970.59000002
2020-10-10 03:00:00,BINANCE:ALGOUSDT,0.3285,0.3399,0.3189,0.3262,16736093.02000002
2020-10-11 03:00:00,BINANCE:ALGOUSDT,0.3265,0.3385,0.3162,0.3319,14564321.78000003
2020-10-12 03:00:00,BINANCE:ALGOUSDT,0.332,0.3628,0.3284,0.3445,29932435.05999997
2020-10-13 03:00:00,BINANCE:ALGOUSDT,0.3441,0.3564,0.3321,0.3428,16938873.32000002
2020-10-14 03:00:00,BINANCE:ALGOUSDT,0.343,0.348,0.3198,0.3277,17668680.48999999
2020-10-15 03:00:00,BINANCE:ALGOUSDT,0.3277,0.3336,0.3059,0.3148,14872788.8
2020-10-16 03:00:00,BINANCE:ALGOUSDT,0.3147,0.317,0.295,0.3001,13483175.37000003
2020-10-17 03:00:00,BINANCE:ALGOUSDT,0.3002,0.3181,0.299,0.3136,10483930.51999999
2020-10-18 03:00:00,BINANCE:ALGOUSDT,0.3132,0.317,0.3086,0.3155,6126642.34
2020-10-19 03:00:00,BINANCE:ALGOUSDT,0.3156,0.3174,0.3008,0.3033,7698432.35
2020-10-20 03:00:00,BINANCE:ALGOUSDT,0.3033,0.3038,0.2813,0.2866,12082365.42000001
2020-10-21 03:00:00,BINANCE:ALGOUSDT,0.2866,0.3125,0.2849,0.3012,13959693.26999999
2020-10-22 03:00:00,BINANCE:ALGOUSDT,0.301,0.3254,0.3007,0.316,13302195.08999999
2020-10-23 03:00:00,BINANCE:ALGOUSDT,0.316,0.3243,0.3014,0.3093,10325801.30000002
2020-10-24 03:00:00,BINANCE:ALGOUSDT,0.3093,0.3134,0.3034,0.3078,6783453.07000001
2020-10-25 03:00:00,BINANCE:ALGOUSDT,0.3078,0.312,0.297,0.3021,6729181.48
2020-10-26 03:00:00,BINANCE:ALGOUSDT,0.3021,0.3066,0.2843,0.2907,10757723.78000001
2020-10-27 03:00:00,BINANCE:ALGOUSDT,0.2907,0.3004,0.2833,0.2878,13998741.41
2020-10-28 03:00:00,BINANCE:ALGOUSDT,0.288,0.2923,0.2675,0.2763,18723048.57999999
2020-10-29 03:00:00,BINANCE:ALGOUSDT,0.2762,0.2848,0.2538,0.2569,17715554.44999999
2020-10-30 03:00:00,BINANCE:ALGOUSDT,0.2571,0.26,0.2359,0.2539,26240866.11000001
2020-10-31 03:00:00,BINANCE:ALGOUSDT,0.254,0.2645,0.2482,0.2488,10786455.78999999
2020-11-01 03:00:00,BINANCE:ALGOUSDT,0.2486,0.2618,0.2446,0.2589,7243676.38000001
2020-11-02 03:00:00,BINANCE:ALGOUSDT,0.2591,0.2625,0.2432,0.247,10011488.90999998
2020-11-03 03:00:00,BINANCE:ALGOUSDT,0.2469,0.2469,0.2256,0.2337,13042140.95
2020-11-04 03:00:00,BINANCE:ALGOUSDT,0.2337,0.2445,0.2224,0.2383,12283704.63000001
2020-11-05 03:00:00,BINANCE:ALGOUSDT,0.239,0.2548,0.2337,0.2481,16524009.56
2020-11-06 03:00:00,BINANCE:ALGOUSDT,0.2481,0.282,0.2478,0.2767,20724585.83999999
2020-11-07 03:00:00,BINANCE:ALGOUSDT,0.2765,0.2976,0.2418,0.2579,44333765.7299999
2020-11-08 03:00:00,BINANCE:ALGOUSDT,0.2579,0.2763,0.2537,0.2667,14785428.18000002
2020-11-09 03:00:00,BINANCE:ALGOUSDT,0.2666,0.2731,0.2531,0.2605,16059375.73000001
2020-11-10 03:00:00,BINANCE:ALGOUSDT,0.2605,0.2932,0.2563,0.2889,24106565.33
2020-11-11 03:00:00,BINANCE:ALGOUSDT,0.289,0.295,0.2768,0.2785,14987180.12000001
2020-11-12 03:00:00,BINANCE:ALGOUSDT,0.2783,0.2786,0.2601,0.2665,14027584.73000002
2020-11-13 03:00:00,BINANCE:ALGOUSDT,0.2666,0.2822,0.2627,0.2802,16391729.81000001
2020-11-14 03:00:00,BINANCE:ALGOUSDT,0.2802,0.2806,0.262,0.2661,16348137.88
2020-11-15 03:00:00,BINANCE:ALGOUSDT,0.266,0.2726,0.2494,0.2569,17612850.27
2020-11-16 03:00:00,BINANCE:ALGOUSDT,0.2567,0.2735,0.254,0.2711,18230590.43
2020-11-17 03:00:00,BINANCE:ALGOUSDT,0.2714,0.2794,0.268,0.2744,19629855.97999999
2020-11-18 03:00:00,BINANCE:ALGOUSDT,0.2744,0.2788,0.2535,0.2673,22084649.71000001
2020-11-19 03:00:00,BINANCE:ALGOUSDT,0.2672,0.2719,0.2544,0.2653,14953618.33
2020-11-20 03:00:00,BINANCE:ALGOUSDT,0.2654,0.289,0.2639,0.2846,25423223.13999997
2020-11-21 03:00:00,BINANCE:ALGOUSDT,0.2845,0.3254,0.2839,0.317,48436505.07000006
2020-11-22 03:00:00,BINANCE:ALGOUSDT,0.3171,0.3242,0.2796,0.298,39945707.85000001
2020-11-23 03:00:00,BINANCE:ALGOUSDT,0.2981,0.3418,0.2932,0.3357,44706039.22000004
2020-11-24 03:00:00,BINANCE:ALGOUSDT,0.3356,0.3756,0.3268,0.3576,65761097.98000002
2020-11-25 03:00:00,BINANCE:ALGOUSDT,0.3576,0.4212,0.3295,0.3429,65351773.40000003
2020-11-26 03:00:00,BINANCE:ALGOUSDT,0.3422,0.358,0.2733,0.3016,71915821.46999991
2020-11-27 03:00:00,BINANCE:ALGOUSDT,0.3016,0.3168,0.2848,0.3002,20541733.74000001
2020-11-28 03:00:00,BINANCE:ALGOUSDT,0.3004,0.3244,0.2951,0.3127,20237530.86
2020-11-29 03:00:00,BINANCE:ALGOUSDT,0.3125,0.3242,0.3007,0.3171,18128909.23
2020-11-30 03:00:00,BINANCE:ALGOUSDT,0.3173,0.335,0.3125,0.3289,31232698.92000002
2020-12-01 03:00:00,BINANCE:ALGOUSDT,0.3289,0.3471,0.3024,0.3082,35626910.75999998
2020-12-02 03:00:00,BINANCE:ALGOUSDT,0.3079,0.3493,0.2975,0.3411,38449398.70999997
2020-12-03 03:00:00,BINANCE:ALGOUSDT,0.341,0.3576,0.3381,0.3404,28234603.46000006
2020-12-04 03:00:00,BINANCE:ALGOUSDT,0.3401,0.3737,0.3214,0.3257,47873173.08000002
2020-12-05 03:00:00,BINANCE:ALGOUSDT,0.3257,0.3527,0.3162,0.3431,26599588.72999997
2020-12-06 03:00:00,BINANCE:ALGOUSDT,0.3432,0.3494,0.3271,0.3367,24083904.71000003
2020-12-07 03:00:00,BINANCE:ALGOUSDT,0.3369,0.3442,0.3236,0.3311,20254090.33
2020-12-08 03:00:00,BINANCE:ALGOUSDT,0.3309,0.3322,0.2913,0.3011,31300423.08000003
2020-12-09 03:00:00,BINANCE:ALGOUSDT,0.3009,0.31,0.2855,0.3056,28265832.74999998
2020-12-10 03:00:00,BINANCE:ALGOUSDT,0.3053,0.3078,0.2906,0.2936,13235583.45
2020-12-11 03:00:00,BINANCE:ALGOUSDT,0.2938,0.2959,0.2763,0.2887,19092161.42999999
2020-12-12 03:00:00,BINANCE:ALGOUSDT,0.2884,0.3168,0.2883,0.3091,20966121.14000006
2020-12-13 03:00:00,BINANCE:ALGOUSDT,0.3092,0.32,0.3047,0.3092,16223360.78999999
2020-12-14 03:00:00,BINANCE:ALGOUSDT,0.3091,0.3188,0.3031,0.3129,14667080.42999998
2020-12-15 03:00:00,BINANCE:ALGOUSDT,0.3129,0.34,0.3129,0.325,24621588.75000001
2020-12-16 03:00:00,BINANCE:ALGOUSDT,0.3251,0.3448,0.3174,0.3396,30867352.04
2020-12-17 03:00:00,BINANCE:ALGOUSDT,0.3398,0.3589,0.3236,0.3324,42896129.89999998
2020-12-18 03:00:00,BINANCE:ALGOUSDT,0.3325,0.3657,0.3164,0.353,42997382.54000005
2020-12-19 03:00:00,BINANCE:ALGOUSDT,0.353,0.3848,0.3501,0.3556,39585893.57000004
2020-12-20 03:00:00,BINANCE:ALGOUSDT,0.3556,0.358,0.328,0.3397,29092443.86000001
2020-12-21 03:00:00,BINANCE:ALGOUSDT,0.3396,0.367,0.3118,0.3248,33500104.64
2020-12-22 03:00:00,BINANCE:ALGOUSDT,0.3246,0.3483,0.3168,0.3367,25756719.91999996
2020-12-23 03:00:00,BINANCE:ALGOUSDT,0.3365,0.3517,0.265,0.2891,39154122.14999998
2020-12-24 03:00:00,BINANCE:ALGOUSDT,0.2891,0.3149,0.2807,0.3142,21726309.06000001
2020-12-25 03:00:00,BINANCE:ALGOUSDT,0.3144,0.3289,0.302,0.3088,22001152.18000001
2020-12-26 03:00:00,BINANCE:ALGOUSDT,0.3085,0.3218,0.2997,0.3094,18479145.91999996
2020-12-27 03:00:00,BINANCE:ALGOUSDT,0.3093,0.338,0.3006,0.319,36756152.99999998
2020-12-28 03:00:00,BINANCE:ALGOUSDT,0.3188,0.3578,0.3152,0.3578,25691092.97000001
2020-12-29 03:00:00,BINANCE:ALGOUSDT,0.3578,0.362,0.32,0.3461,39473180.44999999
2020-12-30 03:00:00,BINANCE:ALGOUSDT,0.3466,0.3593,0.3273,0.3355,24696412.93999998
2020-12-31 03:00:00,BINANCE:ALGOUSDT,0.3355,0.3368,0.3157,0.3353,19110867.91000001
2021-01-01 03:00:00,BINANCE:ALGOUSDT,0.3358,0.4321,0.331,0.3978,103497436.7599999
2021-01-02 03:00:00,BINANCE:ALGOUSDT,0.3981,0.4633,0.3796,0.4075,121915106.19000013
2021-01-03 03:00:00,BINANCE:ALGOUSDT,0.4075,0.4381,0.3981,0.4253,66908535.55999998
2021-01-04 03:00:00,BINANCE:ALGOUSDT,0.4255,0.4615,0.3673,0.4463,69298274.49999996
2021-01-05 03:00:00,BINANCE:ALGOUSDT,0.4465,0.496,0.4021,0.4794,97442555.2999999
2021-01-06 03:00:00,BINANCE:ALGOUSDT,0.4793,0.5301,0.4572,0.5111,81831008.7599999
2021-01-07 03:00:00,BINANCE:ALGOUSDT,0.5117,0.5209,0.43,0.4611,67780542.36999989
2021-01-08 03:00:00,BINANCE:ALGOUSDT,0.4611,0.4881,0.4099,0.455,54840029.55000001
2021-01-09 03:00:00,BINANCE:ALGOUSDT,0.4554,0.4944,0.4355,0.4847,47068340.75000003
2021-01-10 03:00:00,BINANCE:ALGOUSDT,0.4848,0.5145,0.415,0.4578,62177806.26999996
2021-01-11 03:00:00,BINANCE:ALGOUSDT,0.4578,0.4602,0.3715,0.4171,57861491.41999995
2021-01-12 03:00:00,BINANCE:ALGOUSDT,0.4174,0.4301,0.39,0.3991,39345146.69000002
2021-01-13 03:00:00,BINANCE:ALGOUSDT,0.3989,0.4526,0.3804,0.4501,33756154.17
2021-01-14 03:00:00,BINANCE:ALGOUSDT,0.4502,0.4672,0.4295,0.4559,28669032.20000003
2021-01-15 03:00:00,BINANCE:ALGOUSDT,0.4564,0.4989,0.4241,0.4864,62773154.69999986
2021-01-16 03:00:00,BINANCE:ALGOUSDT,0.4869,0.55,0.4838,0.5183,67642819.02999993
2021-01-17 03:00:00,BINANCE:ALGOUSDT,0.5185,0.5888,0.4819,0.5859,61471228.86999997
2021-01-18 03:00:00,BINANCE:ALGOUSDT,0.5869,0.608,0.5406,0.5668,48169545.05
2021-01-19 03:00:00,BINANCE:ALGOUSDT,0.5668,0.5741,0.515,0.5213,35071539.00999999
2021-01-20 03:00:00,BINANCE:ALGOUSDT,0.5213,0.5499,0.4836,0.5472,39674017.30000001
2021-01-21 03:00:00,BINANCE:ALGOUSDT,0.5477,0.5499,0.4473,0.461,41458501.39000002
2021-01-22 03:00:00,BINANCE:ALGOUSDT,0.4616,0.5387,0.4288,0.5088,37462256.43999993
2021-01-23 03:00:00,BINANCE:ALGOUSDT,0.5084,0.5711,0.5016,0.5561,40745060.54000004
2021-01-24 03:00:00,BINANCE:ALGOUSDT,0.5562,0.5838,0.5473,0.5623,35657336.87
2021-01-25 03:00:00,BINANCE:ALGOUSDT,0.5621,0.6446,0.55,0.556,56997115.25000003
2021-01-26 03:00:00,BINANCE:ALGOUSDT,0.5559,0.62,0.535,0.601,36806446.38000003
2021-01-27 03:00:00,BINANCE:ALGOUSDT,0.6009,0.6017,0.525,0.541,36970785.16999996
2021-01-28 03:00:00,BINANCE:ALGOUSDT,0.5414,0.5802,0.5257,0.5586,39738370.30000001
2021-01-29 03:00:00,BINANCE:ALGOUSDT,0.5585,0.6851,0.5461,0.6362,67696029.4
2021-01-30 03:00:00,BINANCE:ALGOUSDT,0.6368,0.7036,0.6135,0.6653,64045619.18000006
2021-01-31 03:00:00,BINANCE:ALGOUSDT,0.6649,0.703,0.6208,0.6516,49701249.22000006
2021-02-01 03:00:00,BINANCE:ALGOUSDT,0.6524,0.6675,0.6159,0.6442,41334111.25
2021-02-02 03:00:00,BINANCE:ALGOUSDT,0.6442,0.6733,0.6243,0.6507,31296868.95999998
2021-02-03 03:00:00,BINANCE:ALGOUSDT,0.6507,0.7519,0.6474,0.7454,44763287.92999999
2021-02-04 03:00:00,BINANCE:ALGOUSDT,0.7449,0.76,0.67,0.7057,50705121.72999995
2021-02-05 03:00:00,BINANCE:ALGOUSDT,0.7055,0.89,0.6981,0.8338,70511516.92999983
2021-02-06 03:00:00,BINANCE:ALGOUSDT,0.8335,0.8642,0.7347,0.8092,57230633.77999989
2021-02-07 03:00:00,BINANCE:ALGOUSDT,0.8098,0.8765,0.768,0.8448,55163037.53000006
2021-02-08 03:00:00,BINANCE:ALGOUSDT,0.8449,1.095,0.8395,1.0028,112093011.97100002
2021-02-09 03:00:00,BINANCE:ALGOUSDT,1.0031,1.0813,0.9572,1.029,73061998.8899999
2021-02-10 03:00:00,BINANCE:ALGOUSDT,1.029,1.0494,0.9168,1.0312,60461063.10999999
2021-02-11 03:00:00,BINANCE:ALGOUSDT,1.031,1.306,1.031,1.238,99429749.91500019
2021-02-12 03:00:00,BINANCE:ALGOUSDT,1.238,1.84,1.175,1.7178,147129037.4879999
2021-02-13 03:00:00,BINANCE:ALGOUSDT,1.718,1.7988,1.3507,1.6716,98301837.82000005
2021-02-14 03:00:00,BINANCE:ALGOUSDT,1.6717,1.69,1.4029,1.4706,50986700.13000003
2021-02-15 03:00:00,BINANCE:ALGOUSDT,1.4691,1.546,1.2,1.3558,77479052.66000016
2021-02-16 03:00:00,BINANCE:ALGOUSDT,1.3573,1.469,1.2645,1.3127,52759498.52000002
2021-02-17 03:00:00,BINANCE:ALGOUSDT,1.3125,1.4236,1.1984,1.3662,63389014.59999992
2021-02-18 03:00:00,BINANCE:ALGOUSDT,1.3681,1.46,1.35,1.3965,60639191.46999993
2021-02-19 03:00:00,BINANCE:ALGOUSDT,1.3977,1.43,1.3006,1.371,54489930.31000007
2021-02-20 03:00:00,BINANCE:ALGOUSDT,1.371,1.5,1.2249,1.3101,86240170.13999987
2021-02-21 03:00:00,BINANCE:ALGOUSDT,1.3101,1.3563,1.2608,1.3055,39201008.11000001
2021-02-22 03:00:00,BINANCE:ALGOUSDT,1.3063,1.319,0.9378,1.143,85744510.67000014
2021-02-23 03:00:00,BINANCE:ALGOUSDT,1.1433,1.1508,0.8321,1.0051,102894588.03999992
2021-02-24 03:00:00,BINANCE:ALGOUSDT,1.0066,1.186,0.9522,1.06,65829502.92999989
2021-02-25 03:00:00,BINANCE:ALGOUSDT,1.06,1.1514,0.9692,0.9812,66045513.42000013
2021-02-26 03:00:00,BINANCE:ALGOUSDT,0.9814,1.0536,0.8964,0.9725,56729259.57999996
2021-02-27 03:00:00,BINANCE:ALGOUSDT,0.9733,1.2,0.9721,1.0988,62482194.7800001
2021-02-28 03:00:00,BINANCE:ALGOUSDT,1.0984,1.1328,0.9414,1.0218,71160035.41000004
2021-03-01 03:00:00,BINANCE:ALGOUSDT,1.0231,1.1103,1.005,1.0893,53496156.13000005
2021-03-02 03:00:00,BINANCE:ALGOUSDT,1.0902,1.1686,1.0373,1.0825,75204385.82999994
2021-03-03 03:00:00,BINANCE:ALGOUSDT,1.0826,1.233,1.057,1.1787,92858594.38000005
2021-03-04 03:00:00,BINANCE:ALGOUSDT,1.1802,1.25,1.05,1.0895,72611337.86999997
2021-03-05 03:00:00,BINANCE:ALGOUSDT,1.0899,1.0966,1.0038,1.0526,52383967.94000002
2021-03-06 03:00:00,BINANCE:ALGOUSDT,1.0529,1.0709,1.0031,1.0494,32162364.88000004
2021-03-07 03:00:00,BINANCE:ALGOUSDT,1.0503,1.138,1.0495,1.1069,40279928.15999998
2021-03-08 03:00:00,BINANCE:ALGOUSDT,1.1067,1.1685,1.06,1.157,48294184.03000001
2021-03-09 03:00:00,BINANCE:ALGOUSDT,1.1565,1.186,1.1164,1.1808,54028141.42999994
2021-03-10 03:00:00,BINANCE:ALGOUSDT,1.1811,1.2312,1.0771,1.1078,56842649.15999992
2021-03-11 03:00:00,BINANCE:ALGOUSDT,1.1093,1.1249,1.048,1.0838,39568719.72000004
2021-03-12 03:00:00,BINANCE:ALGOUSDT,1.083,1.157,1.0265,1.0501,65497523.16000001
2021-03-13 03:00:00,BINANCE:ALGOUSDT,1.0506,1.1732,1.0132,1.1392,54990630.45999996
2021-03-14 03:00:00,BINANCE:ALGOUSDT,1.1392,1.1721,1.0875,1.1168,55603010.48999998
2021-03-15 03:00:00,BINANCE:ALGOUSDT,1.1172,1.35,1.1104,1.1943,164320571.01000035
2021-03-16 03:00:00,BINANCE:ALGOUSDT,1.1943,1.2499,1.1201,1.2007,76959471.66
2021-03-17 03:00:00,BINANCE:ALGOUSDT,1.2021,1.2985,1.1531,1.2886,49293271.03999999
2021-03-18 03:00:00,BINANCE:ALGOUSDT,1.2886,1.384,1.237,1.257,62719910.21000003
2021-03-19 03:00:00,BINANCE:ALGOUSDT,1.2563,1.3115,1.2107,1.2493,28999087.82999997
2021-03-20 03:00:00,BINANCE:ALGOUSDT,1.2488,1.3145,1.2,1.2097,30741261.50999999
2021-03-21 03:00:00,BINANCE:ALGOUSDT,1.2089,1.2356,1.1505,1.1794,28554412.81000001
2021-03-22 03:00:00,BINANCE:ALGOUSDT,1.1791,1.2287,1.073,1.1014,37689032.25
2021-03-23 03:00:00,BINANCE:ALGOUSDT,1.1022,1.1584,1.0553,1.1102,32536947.23999999
2021-03-24 03:00:00,BINANCE:ALGOUSDT,1.1105,1.1849,0.9822,1.0274,46021369.96
2021-03-25 03:00:00,BINANCE:ALGOUSDT,1.027,1.0777,0.9758,1.0424,50986557.05
2021-03-26 03:00:00,BINANCE:ALGOUSDT,1.0424,1.1249,1.0392,1.1174,28367784.63000005
2021-03-27 03:00:00,BINANCE:ALGOUSDT,1.117,1.2178,1.0913,1.1597,53517074.73999998
2021-03-28 03:00:00,BINANCE:ALGOUSDT,1.1598,1.2688,1.1451,1.2354,50280348.68000006
2021-03-29 03:00:00,BINANCE:ALGOUSDT,1.2354,1.4521,1.2167,1.4019,64439697.12999998
2021-03-30 03:00:00,BINANCE:ALGOUSDT,1.4019,1.4298,1.3001,1.3245,48502965.88
2021-03-31 03:00:00,BINANCE:ALGOUSDT,1.3244,1.3724,1.2426,1.3667,41808872.39000004
2021-04-01 03:00:00,BINANCE:ALGOUSDT,1.3655,1.4,1.2916,1.3215,34912527.43999994
2021-04-02 03:00:00,BINANCE:ALGOUSDT,1.3219,1.3692,1.3026,1.3589,28961305.86999997
2021-04-03 03:00:00,BINANCE:ALGOUSDT,1.3581,1.47,1.2579,1.2622,61626197.08999995
2021-04-04 03:00:00,BINANCE:ALGOUSDT,1.2623,1.3494,1.2327,1.3094,33103163.48000004
2021-04-05 03:00:00,BINANCE:ALGOUSDT,1.3095,1.43,1.271,1.4013,44979680.04000004
2021-04-06 03:00:00,BINANCE:ALGOUSDT,1.4016,1.4887,1.347,1.3984,53788452.04000018
2021-04-07 03:00:00,BINANCE:ALGOUSDT,1.3985,1.4823,1.2495,1.3024,63024693.78000006
2021-04-08 03:00:00,BINANCE:ALGOUSDT,1.3035,1.3843,1.2903,1.3508,29223051.81999999
2021-04-09 03:00:00,BINANCE:ALGOUSDT,1.3508,1.4287,1.3187,1.3936,37068523.14999999
2021-04-10 03:00:00,BINANCE:ALGOUSDT,1.3936,1.4772,1.3539,1.3901,42519519.50000006
2021-04-11 03:00:00,BINANCE:ALGOUSDT,1.3904,1.5461,1.3578,1.5212,46533319.7300001
2021-04-12 03:00:00,BINANCE:ALGOUSDT,1.5214,1.5975,1.4284,1.482,56320387.53999994
2021-04-13 03:00:00,BINANCE:ALGOUSDT,1.4821,1.5548,1.4165,1.5156,45048822.82999998
2021-04-14 03:00:00,BINANCE:ALGOUSDT,1.5152,1.5284,1.3817,1.4631,43363718.55000005
2021-04-15 03:00:00,BINANCE:ALGOUSDT,1.4632,1.6233,1.4457,1.5686,45169904.39999994
2021-04-16 03:00:00,BINANCE:ALGOUSDT,1.5687,1.5993,1.4011,1.5044,42028773.39999998
2021-04-17 03:00:00,BINANCE:ALGOUSDT,1.5043,1.7999,1.5042,1.6998,107016656.58000009
2021-04-18 03:00:00,BINANCE:ALGOUSDT,1.6998,1.7184,1.2116,1.4573,93183256.66999993
2021-04-19 03:00:00,BINANCE:ALGOUSDT,1.4572,1.53,1.2812,1.2923,67559331.43000002
2021-04-20 03:00:00,BINANCE:ALGOUSDT,1.2916,1.35,1.16,1.2907,55700942.73999998
2021-04-21 03:00:00,BINANCE:ALGOUSDT,1.29,1.3449,1.1891,1.2104,63234115.2200001
2021-04-22 03:00:00,BINANCE:ALGOUSDT,1.211,1.3251,1.1269,1.1618,59816226.21999993
2021-04-23 03:00:00,BINANCE:ALGOUSDT,1.1618,1.1945,0.913,1.1667,80317172.61999995
2021-04-24 03:00:00,BINANCE:ALGOUSDT,1.1667,1.1713,1.077,1.0884,27297319.92
2021-04-25 03:00:00,BINANCE:ALGOUSDT,1.0884,1.1932,1.0478,1.0939,26813606.24
2021-04-26 03:00:00,BINANCE:ALGOUSDT,1.0946,1.2484,1.0823,1.2364,43331058.9599999
2021-04-27 03:00:00,BINANCE:ALGOUSDT,1.2359,1.3325,1.2226,1.3097,41846178.55000001
2021-04-28 03:00:00,BINANCE:ALGOUSDT,1.3093,1.3364,1.2093,1.288,32658509.66999998
2021-04-29 03:00:00,BINANCE:ALGOUSDT,1.2888,1.382,1.2424,1.3222,43686975.82999999
2021-04-30 03:00:00,BINANCE:ALGOUSDT,1.3222,1.4461,1.2947,1.4029,44385214.40000005
2021-05-01 03:00:00,BINANCE:ALGOUSDT,1.4029,1.42,1.3477,1.3934,26941499.73999999
2021-05-02 03:00:00,BINANCE:ALGOUSDT,1.3933,1.4135,1.3205,1.3877,28935955.18999997
2021-05-03 03:00:00,BINANCE:ALGOUSDT,1.3877,1.4747,1.3871,1.4346,30865267.07
2021-05-04 03:00:00,BINANCE:ALGOUSDT,1.4362,1.445,1.2721,1.2742,42901870.72999998
2021-05-05 03:00:00,BINANCE:ALGOUSDT,1.2741,1.4533,1.2541,1.4425,32738167.36
2021-05-06 03:00:00,BINANCE:ALGOUSDT,1.4419,1.5792,1.4129,1.5444,64557373.79999996
2021-05-07 03:00:00,BINANCE:ALGOUSDT,1.5444,1.6965,1.471,1.5769,65135937.21999992
2021-05-08 03:00:00,BINANCE:ALGOUSDT,1.5775,1.6244,1.488,1.5182,33259498.39000001
2021-05-09 03:00:00,BINANCE:ALGOUSDT,1.5182,1.53,1.4261,1.5151,32906775.52000001
2021-05-10 03:00:00,BINANCE:ALGOUSDT,1.5152,1.5561,1.3054,1.3707,37404899.93000001
2021-05-11 03:00:00,BINANCE:ALGOUSDT,1.3704,1.4776,1.323,1.474,29157905.14999997
2021-05-12 03:00:00,BINANCE:ALGOUSDT,1.474,1.4997,1.2396,1.2734,41345401.83000004
2021-05-13 03:00:00,BINANCE:ALGOUSDT,1.2732,1.453,1.201,1.3526,58295062.52000001
2021-05-14 03:00:00,BINANCE:ALGOUSDT,1.3528,1.49,1.3229,1.4775,38997654.08000002
2021-05-15 03:00:00,BINANCE:ALGOUSDT,1.4772,1.537,1.373,1.3888,54344627.64999993
2021-05-16 03:00:00,BINANCE:ALGOUSDT,1.3884,1.54,1.3318,1.3956,52071682.44999999
2021-05-17 03:00:00,BINANCE:ALGOUSDT,1.396,1.4126,1.256,1.2842,39031598.92000002
2021-05-18 03:00:00,BINANCE:ALGOUSDT,1.2854,1.393,1.2567,1.365,30186993.38999996
2021-05-19 03:00:00,BINANCE:ALGOUSDT,1.3658,1.388,0.7561,0.9309,111653363.04999983
2021-05-20 03:00:00,BINANCE:ALGOUSDT,0.9329,1.12,0.8377,1.1089,64554630.71000006
2021-05-21 03:00:00,BINANCE:ALGOUSDT,1.1086,1.1472,0.8441,0.9736,50329798.21000013
2021-05-22 03:00:00,BINANCE:ALGOUSDT,0.9735,1.0153,0.8552,0.9739,38750541.91000006
2021-05-23 03:00:00,BINANCE:ALGOUSDT,0.9739,1.0405,0.6774,0.8178,65498680.99000006
2021-05-24 03:00:00,BINANCE:ALGOUSDT,0.8169,1.0063,0.8005,0.9811,32235991.15999999
2021-05-25 03:00:00,BINANCE:ALGOUSDT,0.9813,1.0179,0.8672,0.9754,36972077.68999998
2021-05-26 03:00:00,BINANCE:ALGOUSDT,0.9757,1.0593,0.9538,1.0237,35451063.14000002
2021-05-27 03:00:00,BINANCE:ALGOUSDT,1.0235,1.0333,0.9356,0.9752,23181140.83
2021-05-28 03:00:00,BINANCE:ALGOUSDT,0.9756,0.987,0.8458,0.8999,29097745.82000001
2021-05-29 03:00:00,BINANCE:ALGOUSDT,0.9006,0.9306,0.7904,0.8315,21248486.75
2021-05-30 03:00:00,BINANCE:ALGOUSDT,0.8319,0.8946,0.7784,0.8491,19187675.92000001
2021-05-31 03:00:00,BINANCE:ALGOUSDT,0.8491,0.9385,0.8139,0.9359,23377949.56999999
2021-06-01 03:00:00,BINANCE:ALGOUSDT,0.9356,0.9515,0.876,0.8952,20571318.46000003
2021-06-02 03:00:00,BINANCE:ALGOUSDT,0.8951,1.0708,0.8725,1.0187,34348783.01
2021-06-03 03:00:00,BINANCE:ALGOUSDT,1.0189,1.1537,1.0049,1.1113,34622258.52000001
2021-06-04 03:00:00,BINANCE:ALGOUSDT,1.1119,1.133,0.9719,1.0284,30312792.75999998
2021-06-05 03:00:00,BINANCE:ALGOUSDT,1.0274,1.0942,0.947,0.9763,24711755.91999996
2021-06-06 03:00:00,BINANCE:ALGOUSDT,0.9752,1.0253,0.9642,1.0247,14186891.49
2021-06-07 03:00:00,BINANCE:ALGOUSDT,1.0248,1.089,0.9469,0.9633,20579526.56000002
2021-06-08 03:00:00,BINANCE:ALGOUSDT,0.9632,0.9766,0.856,0.9406,26800573.26000005
2021-06-09 03:00:00,BINANCE:ALGOUSDT,0.9403,1.1523,0.9076,1.0415,68702978.3
2021-06-10 03:00:00,BINANCE:ALGOUSDT,1.041,1.0522,0.9741,1.0496,36549059.74000006
2021-06-11 03:00:00,BINANCE:ALGOUSDT,1.0488,1.0819,0.9566,0.9732,39320033.71000003
2021-06-12 03:00:00,BINANCE:ALGOUSDT,0.9729,1.0198,0.9105,0.991,23426336.50000003
2021-06-13 03:00:00,BINANCE:ALGOUSDT,0.9907,1.0662,0.9626,1.0406,18843798.88
2021-06-14 03:00:00,BINANCE:ALGOUSDT,1.0411,1.0865,1.0241,1.0552,20055900.78999998
2021-06-15 03:00:00,BINANCE:ALGOUSDT,1.0557,1.0937,1.0229,1.0323,19892856.16999994
2021-06-16 03:00:00,BINANCE:ALGOUSDT,1.0324,1.057,0.998,1.0178,15850200.15999999
2021-06-17 03:00:00,BINANCE:ALGOUSDT,1.0178,1.0848,1.0128,1.0646,19738793.88000001
2021-06-18 03:00:00,BINANCE:ALGOUSDT,1.0646,1.0924,0.9599,0.992,20249014.78999998
2021-06-19 03:00:00,BINANCE:ALGOUSDT,0.9918,0.992,0.934,0.934,16974573.76000001
2021-06-20 03:00:00,BINANCE:ALGOUSDT,0.935,0.9527,0.878,0.9339,19487672.68999998
2021-06-21 03:00:00,BINANCE:ALGOUSDT,0.9342,0.9416,0.7505,0.7539,38568300.57000002
2021-06-22 03:00:00,BINANCE:ALGOUSDT,0.7536,0.8553,0.6712,0.7436,58396503.62000002
2021-06-23 03:00:00,BINANCE:ALGOUSDT,0.7434,0.8708,0.713,0.8323,35395187.77000003
2021-06-24 03:00:00,BINANCE:ALGOUSDT,0.8327,0.8947,0.796,0.8743,16670371.31
2021-06-25 03:00:00,BINANCE:ALGOUSDT,0.8746,0.8988,0.7781,0.7904,23275845.25000001
2021-06-26 03:00:00,BINANCE:ALGOUSDT,0.7908,0.8259,0.7603,0.8094,20398020.29999996
2021-06-27 03:00:00,BINANCE:ALGOUSDT,0.8089,0.849,0.771,0.8358,17215147.44000002
2021-06-28 03:00:00,BINANCE:ALGOUSDT,0.836,0.8646,0.8218,0.8426,16809517.34000002
2021-06-29 03:00:00,BINANCE:ALGOUSDT,0.8425,0.9241,0.839,0.8889,18054385.86
2021-06-30 03:00:00,BINANCE:ALGOUSDT,0.8883,0.9124,0.833,0.8833,15547037.92000002
2021-07-01 03:00:00,BINANCE:ALGOUSDT,0.8836,0.8839,0.8104,0.834,14216317.29999997
2021-07-02 03:00:00,BINANCE:ALGOUSDT,0.833,0.8459,0.7989,0.8456,9905766.20999998
2021-07-03 03:00:00,BINANCE:ALGOUSDT,0.8457,0.885,0.8337,0.8764,7593790.39000001
2021-07-04 03:00:00,BINANCE:ALGOUSDT,0.8761,0.9142,0.8562,0.88,7600902.36000002
2021-07-05 03:00:00,BINANCE:ALGOUSDT,0.8793,0.8921,0.8386,0.8728,10676768.50999999
2021-07-06 03:00:00,BINANCE:ALGOUSDT,0.8731,0.9336,0.8715,0.9132,15437352.08999999
2021-07-07 03:00:00,BINANCE:ALGOUSDT,0.9129,0.9408,0.9015,0.9062,12482528.74999999
2021-07-08 03:00:00,BINANCE:ALGOUSDT,0.906,0.9076,0.8474,0.8683,13542386.79999997
2021-07-09 03:00:00,BINANCE:ALGOUSDT,0.8676,0.9336,0.8288,0.9058,19120633.51999999
2021-07-10 03:00:00,BINANCE:ALGOUSDT,0.9059,0.9225,0.8662,0.8918,9079190.96000001
2021-07-11 03:00:00,BINANCE:ALGOUSDT,0.8922,0.9185,0.8848,0.8952,7161488.41000001
2021-07-12 03:00:00,BINANCE:ALGOUSDT,0.8953,0.9044,0.8504,0.8675,8082545.18
2021-07-13 03:00:00,BINANCE:ALGOUSDT,0.8672,0.8973,0.8487,0.8753,9496720.41999999
2021-07-14 03:00:00,BINANCE:ALGOUSDT,0.8748,0.881,0.8218,0.8587,11958303.39999999
2021-07-15 03:00:00,BINANCE:ALGOUSDT,0.8585,0.8792,0.82,0.8347,9883519.85999998
2021-07-16 03:00:00,BINANCE:ALGOUSDT,0.8348,0.8513,0.7732,0.7842,15193894.31
2021-07-17 03:00:00,BINANCE:ALGOUSDT,0.7843,0.8067,0.7717,0.7843,10709935.77999999
2021-07-18 03:00:00,BINANCE:ALGOUSDT,0.7836,0.8137,0.7746,0.7981,8872525.42
2021-07-19 03:00:00,BINANCE:ALGOUSDT,0.7984,0.8087,0.7473,0.7505,10143048.26000001
2021-07-20 03:00:00,BINANCE:ALGOUSDT,0.7507,0.7657,0.676,0.6961,20985312.95000001
2021-07-21 03:00:00,BINANCE:ALGOUSDT,0.6963,0.7829,0.6817,0.7701,16155479.41999999
2021-07-22 03:00:00,BINANCE:ALGOUSDT,0.7702,0.7995,0.7538,0.7961,13625897.64
2021-07-23 03:00:00,BINANCE:ALGOUSDT,0.7965,0.8165,0.7704,0.8078,12525368.76999999
2021-07-24 03:00:00,BINANCE:ALGOUSDT,0.8082,0.846,0.8034,0.8262,13230184.51
2021-07-25 03:00:00,BINANCE:ALGOUSDT,0.8262,0.9074,0.7958,0.8905,19061475.13
2021-07-26 03:00:00,BINANCE:ALGOUSDT,0.8901,0.9339,0.84,0.8476,28792705.42000001
2021-07-27 03:00:00,BINANCE:ALGOUSDT,0.8472,0.8721,0.8173,0.8569,14430348.84999998
2021-07-28 03:00:00,BINANCE:ALGOUSDT,0.8571,0.8716,0.8275,0.8481,14614749.45000001
2021-07-29 03:00:00,BINANCE:ALGOUSDT,0.8481,0.8566,0.8246,0.8462,9705626.31000001
2021-07-30 03:00:00,BINANCE:ALGOUSDT,0.8463,0.8559,0.8077,0.8529,14784376.82
2021-07-31 03:00:00,BINANCE:ALGOUSDT,0.8529,0.8587,0.8211,0.8395,17882669.04999999
2021-08-01 03:00:00,BINANCE:ALGOUSDT,0.8391,0.8767,0.8027,0.8117,20942639.61000002
2021-08-02 03:00:00,BINANCE:ALGOUSDT,0.8117,0.84,0.8003,0.8167,13009547.08000001
2021-08-03 03:00:00,BINANCE:ALGOUSDT,0.8162,0.8373,0.79,0.8187,13508877.15000002
2021-08-04 03:00:00,BINANCE:ALGOUSDT,0.8187,0.8412,0.802,0.8282,16732921.36
2021-08-05 03:00:00,BINANCE:ALGOUSDT,0.8278,0.8593,0.81,0.8507,23221831.60000001
2021-08-06 03:00:00,BINANCE:ALGOUSDT,0.8505,0.869,0.8227,0.8551,22009970.01000001
2021-08-07 03:00:00,BINANCE:ALGOUSDT,0.8554,0.8961,0.8436,0.8755,37472621.78000002
2021-08-08 03:00:00,BINANCE:ALGOUSDT,0.8755,0.8859,0.8167,0.8253,27360762.71000001
2021-08-09 03:00:00,BINANCE:ALGOUSDT,0.8256,0.8713,0.8044,0.855,24691559.35000002
2021-08-10 03:00:00,BINANCE:ALGOUSDT,0.8547,0.9092,0.8385,0.8829,34467615.49000002
2021-08-11 03:00:00,BINANCE:ALGOUSDT,0.8831,0.97,0.8778,0.9116,59378720.08000002
2021-08-12 03:00:00,BINANCE:ALGOUSDT,0.9117,0.9649,0.8534,0.8841,57858791.36999992
2021-08-13 03:00:00,BINANCE:ALGOUSDT,0.884,0.9562,0.8712,0.9544,36995866.27
2021-08-14 03:00:00,BINANCE:ALGOUSDT,0.9549,0.9818,0.9098,0.932,49297000.31
2021-08-15 03:00:00,BINANCE:ALGOUSDT,0.9325,1.0241,0.9244,0.9951,58435655.24000009
2021-08-16 03:00:00,BINANCE:ALGOUSDT,0.9947,1.0353,0.9366,0.9461,53225603.2200001
2021-08-17 03:00:00,BINANCE:ALGOUSDT,0.9456,0.9926,0.88,0.8835,48471884.18000005
2021-08-18 03:00:00,BINANCE:ALGOUSDT,0.8842,0.9643,0.8474,0.9224,46506731.58999999
2021-08-19 03:00:00,BINANCE:ALGOUSDT,0.9225,1.073,0.912,1.0441,87684139.56000024
2021-08-20 03:00:00,BINANCE:ALGOUSDT,1.0444,1.1543,1.0395,1.1385,69978750.53999999
2021-08-21 03:00:00,BINANCE:ALGOUSDT,1.1372,1.2222,1.0921,1.1488,60191628.46
2021-08-22 03:00:00,BINANCE:ALGOUSDT,1.1489,1.2444,1.1181,1.157,42470528.03999999
2021-08-23 03:00:00,BINANCE:ALGOUSDT,1.1573,1.1901,1.1088,1.1587,34230095.25000006
2021-08-24 03:00:00,BINANCE:ALGOUSDT,1.159,1.16,1.0151,1.0368,44097790.39999994
2021-08-25 03:00:00,BINANCE:ALGOUSDT,1.0368,1.0804,1.0004,1.0651,29788902.60000002
2021-08-26 03:00:00,BINANCE:ALGOUSDT,1.0642,1.0755,0.9702,0.9887,27696436.22
2021-08-27 03:00:00,BINANCE:ALGOUSDT,0.9881,1.0662,0.9593,1.065,27333899.46
2021-08-28 03:00:00,BINANCE:ALGOUSDT,1.065,1.0751,1.0226,1.0388,19510444.09
2021-08-29 03:00:00,BINANCE:ALGOUSDT,1.0389,1.0666,0.9991,1.0217,24639385.0
2021-08-30 03:00:00,BINANCE:ALGOUSDT,1.0217,1.0977,0.9764,1.0207,34656685.35
2021-08-31 03:00:00,BINANCE:ALGOUSDT,1.0201,1.1721,1.0027,1.1134,63948645.28999999
2021-09-01 03:00:00,BINANCE:ALGOUSDT,1.1135,1.1849,1.0789,1.1614,43230208.66
2021-09-02 03:00:00,BINANCE:ALGOUSDT,1.1615,1.1789,1.1213,1.1421,23461669.0
2021-09-03 03:00:00,BINANCE:ALGOUSDT,1.1423,1.27,1.1085,1.2178,61734288.8
2021-09-04 03:00:00,BINANCE:ALGOUSDT,1.2175,1.24,1.1887,1.2079,28514256.0
2021-09-05 03:00:00,BINANCE:ALGOUSDT,1.2081,1.35,1.1817,1.3147,49054347.35999999
2021-09-06 03:00:00,BINANCE:ALGOUSDT,1.3146,1.4874,1.2904,1.4579,69726925.29
2021-09-07 03:00:00,BINANCE:ALGOUSDT,1.458,1.5167,1.0199,1.2774,113768791.48
2021-09-08 03:00:00,BINANCE:ALGOUSDT,1.2773,1.966,1.2332,1.9163,411415946.399
2021-09-09 03:00:00,BINANCE:ALGOUSDT,1.9152,2.4903,1.902,2.3036,425690635.84399986
2021-09-10 03:00:00,BINANCE:ALGOUSDT,2.3021,2.4283,1.8432,2.0126,282534277.0
2021-09-11 03:00:00,BINANCE:ALGOUSDT,2.0118,2.29,1.9607,1.9943,194425030.0
2021-09-12 03:00:00,BINANCE:ALGOUSDT,1.9947,2.48,1.9,2.3793,222384280.0
2021-09-13 03:00:00,BINANCE:ALGOUSDT,2.378,2.5574,1.97,2.1652,257411002.1
2021-09-14 03:00:00,BINANCE:ALGOUSDT,2.1645,2.2727,1.9792,2.0396,114017816.0
2021-09-15 03:00:00,BINANCE:ALGOUSDT,2.0395,2.092,1.9928,2.015,68445134.0
2021-09-16 03:00:00,BINANCE:ALGOUSDT,2.0144,2.2258,1.862,2.0378,145130730.0
2021-09-17 03:00:00,BINANCE:ALGOUSDT,2.0377,2.16,1.8871,1.9236,90207802.0
2021-09-18 03:00:00,BINANCE:ALGOUSDT,1.9237,2.1289,1.8949,2.0722,81645600.0
2021-09-19 03:00:00,BINANCE:ALGOUSDT,2.0721,2.1573,1.94,1.9729,76556905.0
2021-09-20 03:00:00,BINANCE:ALGOUSDT,1.9733,1.9765,1.5464,1.6736,144435752.0
2021-09-21 03:00:00,BINANCE:ALGOUSDT,1.6731,1.825,1.5187,1.5763,95673108.0
2021-09-22 03:00:00,BINANCE:ALGOUSDT,1.576,1.897,1.5451,1.8457,84526602.0
2021-09-23 03:00:00,BINANCE:ALGOUSDT,1.8443,2.0538,1.7882,2.0031,99537811.0
2021-09-24 03:00:00,BINANCE:ALGOUSDT,2.0031,2.007,1.6823,1.7864,108353320.0
2021-09-25 03:00:00,BINANCE:ALGOUSDT,1.7865,1.8168,1.692,1.731,56529944.0
2021-09-26 03:00:00,BINANCE:ALGOUSDT,1.7303,1.7817,1.5665,1.775,72229907.0
2021-09-27 03:00:00,BINANCE:ALGOUSDT,1.7743,1.859,1.6681,1.6733,76499918.0
2021-09-28 03:00:00,BINANCE:ALGOUSDT,1.674,1.7201,1.5529,1.5649,62639409.0
2021-09-29 03:00:00,BINANCE:ALGOUSDT,1.5641,1.7498,1.55,1.6067,63200438.0
2021-09-30 03:00:00,BINANCE:ALGOUSDT,1.6067,1.6622,1.5721,1.6273,46431391.0
2021-10-01 03:00:00,BINANCE:ALGOUSDT,1.6274,1.814,1.5954,1.7736,65502304.0
2021-10-02 03:00:00,BINANCE:ALGOUSDT,1.7725,1.8849,1.711,1.7692,59503487.0
2021-10-03 03:00:00,BINANCE:ALGOUSDT,1.7704,1.9991,1.7309,1.9833,81133600.0
2021-10-04 03:00:00,BINANCE:ALGOUSDT,1.9839,2.0935,1.885,1.9394,132027396.0
2021-10-05 03:00:00,BINANCE:ALGOUSDT,1.9389,2.0629,1.9191,1.951,59555333.0
2021-10-06 03:00:00,BINANCE:ALGOUSDT,1.9516,1.9887,1.7759,1.8141,76601394.0
2021-10-07 03:00:00,BINANCE:ALGOUSDT,1.8141,1.9393,1.7507,1.8902,70049989.0
2021-10-08 03:00:00,BINANCE:ALGOUSDT,1.8909,2.0,1.8766,1.898,66072438.0
2021-10-09 03:00:00,BINANCE:ALGOUSDT,1.8988,1.95,1.86,1.8927,30861234.0
2021-10-10 03:00:00,BINANCE:ALGOUSDT,1.8933,1.8933,1.7584,1.765,28336707.0
2021-10-11 03:00:00,BINANCE:ALGOUSDT,1.765,1.8336,1.6784,1.7158,30350425.0
2021-10-12 03:00:00,BINANCE:ALGOUSDT,1.7161,1.76,1.5997,1.7474,44512758.0
2021-10-13 03:00:00,BINANCE:ALGOUSDT,1.7471,1.845,1.6859,1.837,29125547.0
2021-10-14 03:00:00,BINANCE:ALGOUSDT,1.8369,1.8824,1.7776,1.8106,32749178.0
2021-10-15 03:00:00,BINANCE:ALGOUSDT,1.8107,1.8109,1.7271,1.7543,31342009.0
2021-10-16 03:00:00,BINANCE:ALGOUSDT,1.7544,1.85,1.7347,1.7983,37815059.0
2021-10-17 03:00:00,BINANCE:ALGOUSDT,1.7988,1.8929,1.724,1.7692,42183099.0
2021-10-18 03:00:00,BINANCE:ALGOUSDT,1.7693,1.7881,1.6943,1.7369,20548443.0
2021-10-19 03:00:00,BINANCE:ALGOUSDT,1.7366,1.7689,1.6856,1.7105,21496531.0
2021-10-20 03:00:00,BINANCE:ALGOUSDT,1.7105,1.8229,1.6863,1.791,29074074.0
2021-10-21 03:00:00,BINANCE:ALGOUSDT,1.7914,1.8849,1.7013,1.7845,54346617.0
2021-10-22 03:00:00,BINANCE:ALGOUSDT,1.7836,1.9413,1.7713,1.8609,62694242.0
2021-10-23 03:00:00,BINANCE:ALGOUSDT,1.861,1.9428,1.846,1.9076,37807397.0
2021-10-24 03:00:00,BINANCE:ALGOUSDT,1.9077,1.9199,1.7802,1.8151,30010316.0
2021-10-25 03:00:00,BINANCE:ALGOUSDT,1.8152,2.075,1.8071,2.0496,63775171.0
2021-10-26 03:00:00,BINANCE:ALGOUSDT,2.0494,2.1,1.9471,2.0445,62903283.0
2021-10-27 03:00:00,BINANCE:ALGOUSDT,2.0434,2.0884,1.69,1.7948,83909882.0
2021-10-28 03:00:00,BINANCE:ALGOUSDT,1.7932,1.8803,1.7501,1.8447,54284530.0
2021-10-29 03:00:00,BINANCE:ALGOUSDT,1.844,1.918,1.8345,1.8756,38285174.0
2021-10-30 03:00:00,BINANCE:ALGOUSDT,1.8761,1.8782,1.7722,1.8199,23948805.0
2021-10-31 03:00:00,BINANCE:ALGOUSDT,1.8209,1.8562,1.754,1.8284,32469714.0
2021-11-01 03:00:00,BINANCE:ALGOUSDT,1.8281,1.867,1.7765,1.8322,26280705.0
2021-11-02 03:00:00,BINANCE:ALGOUSDT,1.8329,1.9125,1.8301,1.8647,30408300.0
2021-11-03 03:00:00,BINANCE:ALGOUSDT,1.8647,1.9836,1.818,1.9342,46887650.0
2021-11-04 03:00:00,BINANCE:ALGOUSDT,1.9342,1.9625,1.8187,1.8587,29086864.0
2021-11-05 03:00:00,BINANCE:ALGOUSDT,1.8586,1.9139,1.8285,1.8421,22420371.0
2021-11-06 03:00:00,BINANCE:ALGOUSDT,1.8424,1.8661,1.7773,1.8362,17041991.0
2021-11-07 03:00:00,BINANCE:ALGOUSDT,1.8359,1.87,1.8193,1.8664,15574711.0
2021-11-08 03:00:00,BINANCE:ALGOUSDT,1.8663,2.09,1.8352,2.0468,62851768.0
2021-11-09 03:00:00,BINANCE:ALGOUSDT,2.0464,2.0566,1.9292,1.9461,38832143.0
2021-11-10 03:00:00,BINANCE:ALGOUSDT,1.9455,2.2935,1.83,1.9321,129908674.0
2021-11-11 03:00:00,BINANCE:ALGOUSDT,1.9319,2.0621,1.872,2.02,61945049.0
2021-11-12 03:00:00,BINANCE:ALGOUSDT,2.0201,2.363,2.0025,2.1452,179772290.0
2021-11-13 03:00:00,BINANCE:ALGOUSDT,2.1441,2.1628,2.0318,2.0743,46007264.0
2021-11-14 03:00:00,BINANCE:ALGOUSDT,2.074,2.1087,1.9185,1.9845,52677349.0
2021-11-15 03:00:00,BINANCE:ALGOUSDT,1.9844,2.0095,1.8563,1.8911,52164268.0
2021-11-16 03:00:00,BINANCE:ALGOUSDT,1.8912,1.8912,1.5607,1.7229,94911065.0
2021-11-17 03:00:00,BINANCE:ALGOUSDT,1.7211,1.761,1.5952,1.6588,60452454.0
2021-11-18 03:00:00,BINANCE:ALGOUSDT,1.6585,2.99,1.6471,1.8499,514030822.804
2021-11-19 03:00:00,BINANCE:ALGOUSDT,1.8498,1.9076,1.7508,1.878,70265015.0
2021-11-20 03:00:00,BINANCE:ALGOUSDT,1.8785,1.9054,1.7575,1.8384,40883687.0
2021-11-21 03:00:00,BINANCE:ALGOUSDT,1.8377,1.8925,1.7822,1.8281,42655372.0
2021-11-22 03:00:00,BINANCE:ALGOUSDT,1.8281,1.838,1.7131,1.7384,43317588.0
2021-11-23 03:00:00,BINANCE:ALGOUSDT,1.7381,1.85,1.6971,1.8357,42291825.0
2021-11-24 03:00:00,BINANCE:ALGOUSDT,1.8356,1.8733,1.72,1.7416,45782554.0
2021-11-25 03:00:00,BINANCE:ALGOUSDT,1.7416,1.8441,1.725,1.8214,41187816.0
2021-11-26 03:00:00,BINANCE:ALGOUSDT,1.8214,1.8242,1.5829,1.6045,59819201.0
2021-11-27 03:00:00,BINANCE:ALGOUSDT,1.6044,1.7242,1.6002,1.6742,39983287.0
2021-11-28 03:00:00,BINANCE:ALGOUSDT,1.6748,1.7152,1.57,1.7125,34972976.0
2021-11-29 03:00:00,BINANCE:ALGOUSDT,1.712,1.8327,1.6917,1.7725,46330252.0
2021-11-30 03:00:00,BINANCE:ALGOUSDT,1.7715,1.88,1.7295,1.8119,57996248.0
2021-12-01 03:00:00,BINANCE:ALGOUSDT,1.812,2.0259,1.8007,1.9609,79153407.0
2021-12-02 03:00:00,BINANCE:ALGOUSDT,1.9608,2.0431,1.8483,1.8869,61315598.0
2021-12-03 03:00:00,BINANCE:ALGOUSDT,1.8877,1.9422,1.6918,1.7468,47203596.0
2021-12-04 03:00:00,BINANCE:ALGOUSDT,1.7466,1.7527,1.3238,1.6491,93370242.0
2021-12-05 03:00:00,BINANCE:ALGOUSDT,1.6491,1.765,1.5853,1.765,84567923.0
2021-12-06 03:00:00,BINANCE:ALGOUSDT,1.7648,1.8666,1.6132,1.7629,110472308.0
2021-12-07 03:00:00,BINANCE:ALGOUSDT,1.7621,1.8109,1.6642,1.6852,40437823.0
2021-12-08 03:00:00,BINANCE:ALGOUSDT,1.685,1.7019,1.5906,1.7015,25884932.0
2021-12-09 03:00:00,BINANCE:ALGOUSDT,1.701,1.7135,1.5431,1.548,32555446.0
2021-12-10 03:00:00,BINANCE:ALGOUSDT,1.548,1.5997,1.4559,1.459,27195979.0
2021-12-11 03:00:00,BINANCE:ALGOUSDT,1.4587,1.5768,1.43,1.5279,25023027.0
2021-12-12 03:00:00,BINANCE:ALGOUSDT,1.5284,1.5654,1.5084,1.5392,16794202.0
2021-12-13 03:00:00,BINANCE:ALGOUSDT,1.539,1.5586,1.3183,1.3223,37351297.0
2021-12-14 03:00:00,BINANCE:ALGOUSDT,1.3219,1.3932,1.3092,1.3803,26335006.0
2021-12-15 03:00:00,BINANCE:ALGOUSDT,1.3801,1.4546,1.303,1.4262,28398439.0
2021-12-16 03:00:00,BINANCE:ALGOUSDT,1.4262,1.4671,1.3833,1.3878,18305062.0
2021-12-17 03:00:00,BINANCE:ALGOUSDT,1.3875,1.4035,1.3173,1.3468,18697796.0
2021-12-18 03:00:00,BINANCE:ALGOUSDT,1.347,1.3987,1.3252,1.3781,15483767.0
2021-12-19 03:00:00,BINANCE:ALGOUSDT,1.3781,1.4351,1.3523,1.3556,17054492.0
2021-12-20 03:00:00,BINANCE:ALGOUSDT,1.3562,1.3568,1.2565,1.2964,25974151.0
2021-12-21 03:00:00,BINANCE:ALGOUSDT,1.2966,1.3644,1.2903,1.3573,26694265.0
2021-12-22 03:00:00,BINANCE:ALGOUSDT,1.3573,1.4168,1.3425,1.3642,29932451.0
2021-12-23 03:00:00,BINANCE:ALGOUSDT,1.3642,1.4884,1.3437,1.4698,31950957.0
2021-12-24 03:00:00,BINANCE:ALGOUSDT,1.4698,1.65,1.4458,1.5754,47621506.0
2021-12-25 03:00:00,BINANCE:ALGOUSDT,1.5748,1.5994,1.5309,1.5751,22999107.0
2021-12-26 03:00:00,BINANCE:ALGOUSDT,1.5745,1.6433,1.5445,1.6064,34733555.0
2021-12-27 03:00:00,BINANCE:ALGOUSDT,1.6073,1.7249,1.5797,1.6625,32036892.0
2021-12-28 03:00:00,BINANCE:ALGOUSDT,1.663,1.6639,1.45,1.4654,41136791.0
2021-12-29 03:00:00,BINANCE:ALGOUSDT,1.4661,1.6442,1.4062,1.5827,44785855.0
2021-12-30 03:00:00,BINANCE:ALGOUSDT,1.5827,1.7657,1.5205,1.7302,70697205.0
2021-12-31 03:00:00,BINANCE:ALGOUSDT,1.7302,1.7883,1.6281,1.6591,48708734.0
2022-01-01 03:00:00,BINANCE:ALGOUSDT,1.6585,1.77,1.6303,1.7414,22952248.0
2022-01-02 03:00:00,BINANCE:ALGOUSDT,1.7415,1.7846,1.66,1.6734,26531427.0
2022-01-03 03:00:00,BINANCE:ALGOUSDT,1.6731,1.8357,1.626,1.7949,57145005.0
2022-01-04 03:00:00,BINANCE:ALGOUSDT,1.7949,1.8451,1.658,1.6725,62707739.0
2022-01-05 03:00:00,BINANCE:ALGOUSDT,1.6724,1.8026,1.5527,1.5718,54200182.0
